lg,item,syn,sentence,condition,headn,attn,verbn,model_type,attention_entropy,attention_diff
russian,1,0,Абонемент на концерт был дорогим из-за участия популярных артистов,SG-SG-SG,SG,SG,SG,bert,1.3600067,0.054516783559984114
russian,1,0,Абонемент на концерт были дорогими из-за участия популярных артистов,SG-SG-PL,SG,SG,PL,bert,1.2988638,0.09326925818614883
russian,1,0,Абонемент на концерты был дорогим из-за участия популярных артистов,SG-PL-SG,SG,PL,SG,bert,1.3708414,0.1088651348543678
russian,1,0,Абонемент на концерты были дорогими из-за участия популярных артистов,SG-PL-PL,SG,PL,PL,bert,1.2904596,0.05145636145956588
russian,1,0,Абонементы на концерт был дорогим из-за участия популярных артистов,PL-SG-SG,PL,SG,SG,bert,1.3096507,0.03968565944819602
russian,1,0,Абонементы на концерт были дорогими из-за участия популярных артистов,PL-SG-PL,PL,SG,PL,bert,1.3588167,0.11565623606443295
russian,1,0,Абонементы на концерты был дорогим из-за участия популярных артистов,PL-PL-SG,PL,PL,SG,bert,1.3116877,0.08471679869676123
russian,1,0,Абонементы на концерты были дорогими из-за участия популярных артистов,PL-PL-PL,PL,PL,PL,bert,1.361516,0.07426044978987534
russian,2,0,Анекдот про экзамен для строгого пожилого учителя был обидным,SG-SG-SG,SG,SG,SG,bert,1.0800467,0.08125797154498529
russian,2,0,Анекдот про экзамен для строгого пожилого учителя были обидными,SG-SG-PL,SG,SG,PL,bert,1.0138719,0.09359037489951962
russian,2,0,Анекдот про экзамены для строгого пожилого учителя был обидным,SG-PL-SG,SG,PL,SG,bert,1.0776174,0.10035895426594373
russian,2,0,Анекдот про экзамены для строгого пожилого учителя были обидными,SG-PL-PL,SG,PL,PL,bert,1.0208359,0.0865024376349727
russian,2,0,Анекдоты про экзамен для строгого пожилого учителя был обидным,PL-SG-SG,PL,SG,SG,bert,1.1227022,0.07842136786353754
russian,2,0,Анекдоты про экзамен для строгого пожилого учителя были обидными,PL-SG-PL,PL,SG,PL,bert,1.067264,0.09115309872050859
russian,2,0,Анекдоты про экзамены для строгого пожилого учителя был обидным,PL-PL-SG,PL,PL,SG,bert,1.09341,0.09989302750239455
russian,2,0,Анекдоты про экзамены для строгого пожилого учителя были обидными,PL-PL-PL,PL,PL,PL,bert,1.0784909,0.08743635760974389
russian,3,0,Арка во двор в несущей конструкции здания была проделана,SG-SG-SG,SG,SG,SG,bert,1.1645715,0.08967791577948192
russian,3,0,Арка во двор в несущей конструкции здания были проделаны,SG-SG-PL,SG,SG,PL,bert,1.0689894,0.07896016494761561
russian,3,0,Арка во дворы в несущей конструкции здания была проделана,SG-PL-SG,SG,PL,SG,bert,1.1642393,0.09322295888504276
russian,3,0,Арка во дворы в несущей конструкции здания были проделаны,SG-PL-PL,SG,PL,PL,bert,1.1382211,0.047482703951919294
russian,3,0,Арки во двор в несущей конструкции здания была проделана,PL-SG-SG,PL,SG,SG,bert,1.2354436,0.04163997129458165
russian,3,0,Арки во двор в несущей конструкции здания были проделаны,PL-SG-PL,PL,SG,PL,bert,1.1932131,0.06521018710388737
russian,3,0,Арки во дворы в несущей конструкции здания была проделана,PL-PL-SG,PL,PL,SG,bert,1.2028353,0.0498279664814546
russian,3,0,Арки во дворы в несущей конструкции здания были проделаны,PL-PL-PL,PL,PL,PL,bert,1.2057836,0.038268873112867544
russian,4,0,Атака на крепость из-за стратегической ошибки полководца была безуспешной,SG-SG-SG,SG,SG,SG,bert,1.1314986,0.08743258123538233
russian,4,0,Атака на крепость из-за стратегической ошибки полководца были безуспешными,SG-SG-PL,SG,SG,PL,bert,0.9885359,0.08579987562964105
russian,4,0,Атака на крепости из-за стратегической ошибки полководца была безуспешной,SG-PL-SG,SG,PL,SG,bert,1.1074865,0.09655803275008926
russian,4,0,Атака на крепости из-за стратегической ошибки полководца были безуспешными,SG-PL-PL,SG,PL,PL,bert,0.9840032,0.08534654094068457
russian,4,0,Атаки на крепость из-за стратегической ошибки полководца была безуспешной,PL-SG-SG,PL,SG,SG,bert,1.1296055,0.06157840552164845
russian,4,0,Атаки на крепость из-за стратегической ошибки полководца были безуспешными,PL-SG-PL,PL,SG,PL,bert,1.0823439,0.07298365489888799
russian,4,0,Атаки на крепости из-за стратегической ошибки полководца была безуспешной,PL-PL-SG,PL,PL,SG,bert,1.1100124,0.07189799547737755
russian,4,0,Атаки на крепости из-за стратегической ошибки полководца были безуспешными,PL-PL-PL,PL,PL,PL,bert,1.0752062,0.07396234341665303
russian,5,0,Билет в музей во время уличной демонстрации был утерян,SG-SG-SG,SG,SG,SG,bert,1.1442492,0.05019239729114955
russian,5,0,Билет в музей во время уличной демонстрации были утеряны,SG-SG-PL,SG,SG,PL,bert,1.0465776,0.06478157099715286
russian,5,0,Билет в музеи во время уличной демонстрации был утерян,SG-PL-SG,SG,PL,SG,bert,1.1442492,0.05019239729114955
russian,5,0,Билет в музеи во время уличной демонстрации были утеряны,SG-PL-PL,SG,PL,PL,bert,1.0465776,0.06478157099715286
russian,5,0,Билеты в музей во время уличной демонстрации был утерян,PL-SG-SG,PL,SG,SG,bert,1.0709174,0.042428040974922455
russian,5,0,Билеты в музей во время уличной демонстрации были утеряны,PL-SG-PL,PL,SG,PL,bert,1.1182177,0.06022580965566137
russian,5,0,Билеты в музеи во время уличной демонстрации был утерян,PL-PL-SG,PL,PL,SG,bert,1.0709174,0.042428040974922455
russian,5,0,Билеты в музеи во время уличной демонстрации были утеряны,PL-PL-PL,PL,PL,PL,bert,1.1182177,0.06022580965566137
russian,6,0,Взгляд на снимок из-под длинных опущенных ресниц был брошен,SG-SG-SG,SG,SG,SG,bert,1.0379771,0.08330459167547045
russian,6,0,Взгляд на снимок из-под длинных опущенных ресниц были брошены,SG-SG-PL,SG,SG,PL,bert,1.0499523,0.09076954584169386
russian,6,0,Взгляд на снимки из-под длинных опущенных ресниц был брошен,SG-PL-SG,SG,PL,SG,bert,0.99837905,0.10859904802014425
russian,6,0,Взгляд на снимки из-под длинных опущенных ресниц были брошены,SG-PL-PL,SG,PL,PL,bert,1.065892,0.05973882532958012
russian,6,0,Взгляды на снимок из-под длинных опущенных ресниц был брошен,PL-SG-SG,PL,SG,SG,bert,1.0580142,0.0315931518953336
russian,6,0,Взгляды на снимок из-под длинных опущенных ресниц были брошены,PL-SG-PL,PL,SG,PL,bert,1.1916864,0.07919641588186807
russian,6,0,Взгляды на снимки из-под длинных опущенных ресниц был брошен,PL-PL-SG,PL,PL,SG,bert,1.0185272,0.0637943634804167
russian,6,0,Взгляды на снимки из-под длинных опущенных ресниц были брошены,PL-PL-PL,PL,PL,PL,bert,1.1880934,0.04689838989414402
russian,7,0,Возражение на упрёк без излишне бурных эмоций было принято,SG-SG-SG,SG,SG,SG,bert,1.044909,0.08927276445343665
russian,7,0,Возражение на упрёк без излишне бурных эмоций были приняты,SG-SG-PL,SG,SG,PL,bert,0.9111603,0.09858413945688735
russian,7,0,Возражение на упреки без излишне бурных эмоций было принято,SG-PL-SG,SG,PL,SG,bert,1.0409952,0.0944502021553876
russian,7,0,Возражение на упреки без излишне бурных эмоций были приняты,SG-PL-PL,SG,PL,PL,bert,0.92309046,0.09449961099310045
russian,7,0,Возражения на упрёк без излишне бурных эмоций было принято,PL-SG-SG,PL,SG,SG,bert,1.0491536,0.07073025026438047
russian,7,0,Возражения на упрёк без излишне бурных эмоций были приняты,PL-SG-PL,PL,SG,PL,bert,0.989015,0.08967297219924553
russian,7,0,Возражения на упреки без излишне бурных эмоций было принято,PL-PL-SG,PL,PL,SG,bert,1.0432979,0.07234191098816449
russian,7,0,Возражения на упреки без излишне бурных эмоций были приняты,PL-PL-PL,PL,PL,PL,bert,0.9957649,0.08449015525405398
russian,8,0,Выстрел в цель из-за сбитого прицела ружья был неточным,SG-SG-SG,SG,SG,SG,bert,1.1289256,0.12590549222900352
russian,8,0,Выстрел в цель из-за сбитого прицела ружья были неточными,SG-SG-PL,SG,SG,PL,bert,0.95428884,0.10287360166849496
russian,8,0,Выстрел в цели из-за сбитого прицела ружья был неточным,SG-PL-SG,SG,PL,SG,bert,1.1213586,0.1302582590440451
russian,8,0,Выстрел в цели из-за сбитого прицела ружья были неточными,SG-PL-PL,SG,PL,PL,bert,0.95840186,0.09893027827858088
russian,8,0,Выстрелы в цель из-за сбитого прицела ружья был неточным,PL-SG-SG,PL,SG,SG,bert,1.0202005,0.09532556243353413
russian,8,0,Выстрелы в цель из-за сбитого прицела ружья были неточными,PL-SG-PL,PL,SG,PL,bert,1.0406091,0.07309515603910871
russian,8,0,Выстрелы в цели из-за сбитого прицела ружья был неточным,PL-PL-SG,PL,PL,SG,bert,1.0006957,0.09521987303413308
russian,8,0,Выстрелы в цели из-за сбитого прицела ружья были неточными,PL-PL-PL,PL,PL,PL,bert,1.0385098,0.07318355740016157
russian,9,0,Дорога через лес для снабжения людей провизией была проложена,SG-SG-SG,SG,SG,SG,bert,1.2989378,0.08329549360461365
russian,9,0,Дорога через лес для снабжения людей провизией были проложены,SG-SG-PL,SG,SG,PL,bert,1.2328938,0.07826946512752694
russian,9,0,Дорога через леса для снабжения людей провизией была проложена,SG-PL-SG,SG,PL,SG,bert,1.2841132,0.08444790884261186
russian,9,0,Дорога через леса для снабжения людей провизией были проложены,SG-PL-PL,SG,PL,PL,bert,1.2174565,0.07800657700236072
russian,9,0,Дороги через лес для снабжения людей провизией была проложена,PL-SG-SG,PL,SG,SG,bert,1.2531115,0.06012747148165609
russian,9,0,Дороги через лес для снабжения людей провизией были проложены,PL-SG-PL,PL,SG,PL,bert,1.3209436,0.05993475279533944
russian,9,0,Дороги через леса для снабжения людей провизией была проложена,PL-PL-SG,PL,PL,SG,bert,1.2243013,0.06019724598665146
russian,9,0,Дороги через леса для снабжения людей провизией были проложены,PL-PL-PL,PL,PL,PL,bert,1.3124361,0.05958032919973031
russian,10,0,Жалоба на боль из-за нарушения дыхания пациента была тихой,SG-SG-SG,SG,SG,SG,bert,1.0367693,0.13046428563514448
russian,10,0,Жалоба на боль из-за нарушения дыхания пациента были тихими,SG-SG-PL,SG,SG,PL,bert,1.1399295,0.08320226402625022
russian,10,0,Жалоба на боли из-за нарушения дыхания пациента была тихой,SG-PL-SG,SG,PL,SG,bert,1.0454158,0.15520950512234158
russian,10,0,Жалоба на боли из-за нарушения дыхания пациента были тихими,SG-PL-PL,SG,PL,PL,bert,1.1493026,0.07532593302461674
russian,10,0,Жалобы на боль из-за нарушения дыхания пациента была тихой,PL-SG-SG,PL,SG,SG,bert,0.9428622,0.11024470669534353
russian,10,0,Жалобы на боль из-за нарушения дыхания пациента были тихими,PL-SG-PL,PL,SG,PL,bert,1.1879599,0.06651935381663428
russian,10,0,Жалобы на боли из-за нарушения дыхания пациента была тихой,PL-PL-SG,PL,PL,SG,bert,0.9450963,0.14079141615073187
russian,10,0,Жалобы на боли из-за нарушения дыхания пациента были тихими,PL-PL-PL,PL,PL,PL,bert,1.1837113,0.06670606795993533
russian,11,0,История про убийство в присутствии маленьких детей была рассказана,SG-SG-SG,SG,SG,SG,bert,0.94517505,0.05104708911983753
russian,11,0,История про убийство в присутствии маленьких детей были рассказаны,SG-SG-PL,SG,SG,PL,bert,0.900056,0.048181411814503326
russian,11,0,История про убийства в присутствии маленьких детей была рассказана,SG-PL-SG,SG,PL,SG,bert,0.9305065,0.058511122122889954
russian,11,0,История про убийства в присутствии маленьких детей были рассказаны,SG-PL-PL,SG,PL,PL,bert,0.89764136,0.048087069808738475
russian,11,0,Истории про убийство в присутствии маленьких детей была рассказана,PL-SG-SG,PL,SG,SG,bert,0.96535337,0.02087410125906759
russian,11,0,Истории про убийство в присутствии маленьких детей были рассказаны,PL-SG-PL,PL,SG,PL,bert,0.93452775,0.017414777216183452
russian,11,0,Истории про убийства в присутствии маленьких детей была рассказана,PL-PL-SG,PL,PL,SG,bert,0.95302427,0.027338450078733343
russian,11,0,Истории про убийства в присутствии маленьких детей были рассказаны,PL-PL-PL,PL,PL,PL,bert,0.9378854,0.019021040644275365
russian,12,0,Кредит на участок из-за высокой стоимости земли был долгосрочным,SG-SG-SG,SG,SG,SG,bert,1.1100042,0.07101694357680483
russian,12,0,Кредит на участок из-за высокой стоимости земли были долгосрочными,SG-SG-PL,SG,SG,PL,bert,0.9763668,0.0788385877733141
russian,12,0,Кредит на участки из-за высокой стоимости земли был долгосрочным,SG-PL-SG,SG,PL,SG,bert,1.1078645,0.09191065882788689
russian,12,0,Кредит на участки из-за высокой стоимости земли были долгосрочными,SG-PL-PL,SG,PL,PL,bert,0.9721535,0.07411815485588125
russian,12,0,Кредиты на участок из-за высокой стоимости земли был долгосрочным,PL-SG-SG,PL,SG,SG,bert,0.9718221,0.07263182124444345
russian,12,0,Кредиты на участок из-за высокой стоимости земли были долгосрочными,PL-SG-PL,PL,SG,PL,bert,1.017706,0.07900094447069503
russian,12,0,Кредиты на участки из-за высокой стоимости земли был долгосрочным,PL-PL-SG,PL,PL,SG,bert,0.951882,0.09368430768493848
russian,12,0,Кредиты на участки из-за высокой стоимости земли были долгосрочными,PL-PL-PL,PL,PL,PL,bert,1.0044329,0.07897508165922497
russian,13,0,Кружево на наряд в вышитый шелковый мешочек было упаковано,SG-SG-SG,SG,SG,SG,bert,0.9566282,0.08493183490847434
russian,13,0,Кружево на наряд в вышитый шелковый мешочек были упакованы,SG-SG-PL,SG,SG,PL,bert,0.9814329,0.07106385420821337
russian,13,0,Кружево на наряды в вышитый шелковый мешочек было упаковано,SG-PL-SG,SG,PL,SG,bert,0.949886,0.08791659850284814
russian,13,0,Кружево на наряды в вышитый шелковый мешочек были упакованы,SG-PL-PL,SG,PL,PL,bert,1.006048,0.05085985838830262
russian,13,0,Кружева на наряд в вышитый шелковый мешочек было упаковано,PL-SG-SG,PL,SG,SG,bert,0.9880145,0.05927094323547763
russian,13,0,Кружева на наряд в вышитый шелковый мешочек были упакованы,PL-SG-PL,PL,SG,PL,bert,1.0102322,0.06514319332633044
russian,13,0,Кружева на наряды в вышитый шелковый мешочек было упаковано,PL-PL-SG,PL,PL,SG,bert,1.0006503,0.055217219515274044
russian,13,0,Кружева на наряды в вышитый шелковый мешочек были упакованы,PL-PL-PL,PL,PL,PL,bert,1.0302356,0.04576293764716243
russian,14,0,Легенда про замок в старинной летописи графства была записана,SG-SG-SG,SG,SG,SG,bert,1.0506157,0.10435397619970645
russian,14,0,Легенда про замок в старинной летописи графства были записаны,SG-SG-PL,SG,SG,PL,bert,1.0662917,0.08427852553773212
russian,14,0,Легенда про замки в старинной летописи графства была записана,SG-PL-SG,SG,PL,SG,bert,1.0408947,0.1090060737120409
russian,14,0,Легенда про замки в старинной летописи графства были записаны,SG-PL-PL,SG,PL,PL,bert,1.106339,0.06775211826509793
russian,14,0,Легенды про замок в старинной летописи графства была записана,PL-SG-SG,PL,SG,SG,bert,1.1422492,0.044614733200977266
russian,14,0,Легенды про замок в старинной летописи графства были записаны,PL-SG-PL,PL,SG,PL,bert,1.1253932,0.0660079838512404
russian,14,0,Легенды про замки в старинной летописи графства была записана,PL-PL-SG,PL,PL,SG,bert,1.1339042,0.04746126690777623
russian,14,0,Легенды про замки в старинной летописи графства были записаны,PL-PL-PL,PL,PL,PL,bert,1.1346871,0.057241689084190764
russian,15,0,Лестница в подвал из-за отсутствия свободного места была крутой,SG-SG-SG,SG,SG,SG,bert,0.95402396,0.11850945887451197
russian,15,0,Лестница в подвал из-за отсутствия свободного места были крутыми,SG-SG-PL,SG,SG,PL,bert,1.0246379,0.08865039750009897
russian,15,0,Лестница в подвалы из-за отсутствия свободного места была крутой,SG-PL-SG,SG,PL,SG,bert,0.9404421,0.12428588598123831
russian,15,0,Лестница в подвалы из-за отсутствия свободного места были крутыми,SG-PL-PL,SG,PL,PL,bert,1.0308868,0.07117114454608964
russian,15,0,Лестницы в подвал из-за отсутствия свободного места была крутой,PL-SG-SG,PL,SG,SG,bert,0.9281801,0.12355986127700302
russian,15,0,Лестницы в подвал из-за отсутствия свободного места были крутыми,PL-SG-PL,PL,SG,PL,bert,1.1047251,0.08299376657826062
russian,15,0,Лестницы в подвалы из-за отсутствия свободного места была крутой,PL-PL-SG,PL,PL,SG,bert,0.9100704,0.12144042250823904
russian,15,0,Лестницы в подвалы из-за отсутствия свободного места были крутыми,PL-PL-PL,PL,PL,PL,bert,1.1070911,0.06699554182949316
russian,16,0,Мост через овраг после окончания военных действий был возведен,SG-SG-SG,SG,SG,SG,bert,1.1751719,0.05006616561294112
russian,16,0,Мост через овраг после окончания военных действий были возведены,SG-SG-PL,SG,SG,PL,bert,0.9668211,0.05732827960707521
russian,16,0,Мост через овраги после окончания военных действий был возведен,SG-PL-SG,SG,PL,SG,bert,1.1560154,0.06663816264556369
russian,16,0,Мост через овраги после окончания военных действий были возведены,SG-PL-PL,SG,PL,PL,bert,0.97582626,0.05519836525648224
russian,16,0,Мосты через овраг после окончания военных действий был возведен,PL-SG-SG,PL,SG,SG,bert,1.159726,0.03158871989961012
russian,16,0,Мосты через овраг после окончания военных действий были возведены,PL-SG-PL,PL,SG,PL,bert,1.0401399,0.049133776166009356
russian,16,0,Мосты через овраги после окончания военных действий был возведен,PL-PL-SG,PL,PL,SG,bert,1.1590621,0.041081640880571646
russian,16,0,Мосты через овраги после окончания военных действий были возведены,PL-PL-PL,PL,PL,PL,bert,1.0563,0.04712189943127789
russian,17,0,Налог на доход из-за смены политического курса был повышен,SG-SG-SG,SG,SG,SG,bert,1.0721489,0.10414153700164931
russian,17,0,Налог на доход из-за смены политического курса были повышены,SG-SG-PL,SG,SG,PL,bert,1.0115526,0.10573651822402877
russian,17,0,Налог на доходы из-за смены политического курса был повышен,SG-PL-SG,SG,PL,SG,bert,1.0684702,0.1016693254244468
russian,17,0,Налог на доходы из-за смены политического курса были повышены,SG-PL-PL,SG,PL,PL,bert,1.0249949,0.09040687907991418
russian,17,0,Налоги на доход из-за смены политического курса был повышен,PL-SG-SG,PL,SG,SG,bert,1.0459056,0.08200302965140172
russian,17,0,Налоги на доход из-за смены политического курса были повышены,PL-SG-PL,PL,SG,PL,bert,1.0725209,0.08181867113864981
russian,17,0,Налоги на доходы из-за смены политического курса был повышен,PL-PL-SG,PL,PL,SG,bert,1.0269136,0.08615836514848825
russian,17,0,Налоги на доходы из-за смены политического курса были повышены,PL-PL-PL,PL,PL,PL,bert,1.0936537,0.0692836930414037
russian,18,0,Нападение на банк с применением холодного оружия было совершено,SG-SG-SG,SG,SG,SG,bert,1.0261316,0.053533382348135206
russian,18,0,Нападение на банк с применением холодного оружия были совершены,SG-SG-PL,SG,SG,PL,bert,0.9565753,0.05375389158689358
russian,18,0,Нападение на банки с применением холодного оружия было совершено,SG-PL-SG,SG,PL,SG,bert,1.0106214,0.05271573452622391
russian,18,0,Нападение на банки с применением холодного оружия были совершены,SG-PL-PL,SG,PL,PL,bert,0.9495926,0.05124390576334008
russian,18,0,Нападения на банк с применением холодного оружия было совершено,PL-SG-SG,PL,SG,SG,bert,1.0103948,0.04021882050085353
russian,18,0,Нападения на банк с применением холодного оружия были совершены,PL-SG-PL,PL,SG,PL,bert,0.9801893,0.0421571351302326
russian,18,0,Нападения на банки с применением холодного оружия было совершено,PL-PL-SG,PL,PL,SG,bert,1.0061783,0.0389087506535251
russian,18,0,Нападения на банки с применением холодного оружия были совершены,PL-PL-PL,PL,PL,PL,bert,0.9803855,0.03665946679932688
russian,19,0,Окно в сад из-за сильного холодного ветра было закрыто,SG-SG-SG,SG,SG,SG,bert,1.1350763,0.08103071268511408
russian,19,0,Окно в сад из-за сильного холодного ветра были закрыты,SG-SG-PL,SG,SG,PL,bert,0.82015765,0.10339938227995367
russian,19,0,Окно в сады из-за сильного холодного ветра было закрыто,SG-PL-SG,SG,PL,SG,bert,1.1228311,0.08844979815928627
russian,19,0,Окно в сады из-за сильного холодного ветра были закрыты,SG-PL-PL,SG,PL,PL,bert,0.82857525,0.08385744270141166
russian,19,0,Окна в сад из-за сильного холодного ветра было закрыто,PL-SG-SG,PL,SG,SG,bert,1.1626503,0.05755859063838012
russian,19,0,Окна в сад из-за сильного холодного ветра были закрыты,PL-SG-PL,PL,SG,PL,bert,0.9602892,0.08652894266544009
russian,19,0,Окна в сады из-за сильного холодного ветра было закрыто,PL-PL-SG,PL,PL,SG,bert,1.1531906,0.06074494886518217
russian,19,0,Окна в сады из-за сильного холодного ветра были закрыты,PL-PL-PL,PL,PL,PL,bert,0.95654714,0.07370339936041774
russian,20,0,Ответ на вопрос из-за недостаточного знания материала был неверным,SG-SG-SG,SG,SG,SG,bert,1.1763071,0.06330631169160544
russian,20,0,Ответ на вопрос из-за недостаточного знания материала были неверными,SG-SG-PL,SG,SG,PL,bert,1.062679,0.08564199491931129
russian,20,0,Ответ на вопросы из-за недостаточного знания материала был неверным,SG-PL-SG,SG,PL,SG,bert,1.1639321,0.08644918369999832
russian,20,0,Ответ на вопросы из-за недостаточного знания материала были неверными,SG-PL-PL,SG,PL,PL,bert,1.0908182,0.07125459950493576
russian,20,0,Ответы на вопрос из-за недостаточного знания материала был неверным,PL-SG-SG,PL,SG,SG,bert,1.1215723,0.06294313856448441
russian,20,0,Ответы на вопрос из-за недостаточного знания материала были неверными,PL-SG-PL,PL,SG,PL,bert,1.1425374,0.07489689953801074
russian,20,0,Ответы на вопросы из-за недостаточного знания материала был неверным,PL-PL-SG,PL,PL,SG,bert,1.0848944,0.08763028096086602
russian,20,0,Ответы на вопросы из-за недостаточного знания материала были неверными,PL-PL-PL,PL,PL,PL,bert,1.1348073,0.0681037360470538
russian,21,0,Очередь в театр из-за большого наплыва туристов была бесконечной,SG-SG-SG,SG,SG,SG,bert,1.0555841,0.12718965912662256
russian,21,0,Очередь в театр из-за большого наплыва туристов были бесконечными,SG-SG-PL,SG,SG,PL,bert,1.1466031,0.08780135806577771
russian,21,0,Очередь в театры из-за большого наплыва туристов была бесконечной,SG-PL-SG,SG,PL,SG,bert,1.0762105,0.12601227702103165
russian,21,0,Очередь в театры из-за большого наплыва туристов были бесконечными,SG-PL-PL,SG,PL,PL,bert,1.1651394,0.07771131161809841
russian,21,0,Очереди в театр из-за большого наплыва туристов была бесконечной,PL-SG-SG,PL,SG,SG,bert,1.0227262,0.07785190127200856
russian,21,0,Очереди в театр из-за большого наплыва туристов были бесконечными,PL-SG-PL,PL,SG,PL,bert,1.2792323,0.06711591938561748
russian,21,0,Очереди в театры из-за большого наплыва туристов была бесконечной,PL-PL-SG,PL,PL,SG,bert,1.0158894,0.0795632027018265
russian,21,0,Очереди в театры из-за большого наплыва туристов были бесконечными,PL-PL-PL,PL,PL,PL,bert,1.2923639,0.060206788262220604
russian,22,0,Переправа через ручей из-за тяжёлых погодных условий была опасной,SG-SG-SG,SG,SG,SG,bert,1.0152776,0.1387313728589197
russian,22,0,Переправа через ручей из-за тяжёлых погодных условий были опасными,SG-SG-PL,SG,SG,PL,bert,1.1136029,0.10411887480509792
russian,22,0,Переправа через ручьи из-за тяжёлых погодных условий была опасной,SG-PL-SG,SG,PL,SG,bert,1.0289992,0.17114837878944483
russian,22,0,Переправа через ручьи из-за тяжёлых погодных условий были опасными,SG-PL-PL,SG,PL,PL,bert,1.1391861,0.10236259932671898
russian,22,0,Переправы через ручей из-за тяжёлых погодных условий была опасной,PL-SG-SG,PL,SG,SG,bert,0.9858948,0.12433253908086205
russian,22,0,Переправы через ручей из-за тяжёлых погодных условий были опасными,PL-SG-PL,PL,SG,PL,bert,1.1757505,0.10671161210402584
russian,22,0,Переправы через ручьи из-за тяжёлых погодных условий была опасной,PL-PL-SG,PL,PL,SG,bert,0.99881303,0.12409888962144716
russian,22,0,Переправы через ручьи из-за тяжёлых погодных условий были опасными,PL-PL-PL,PL,PL,PL,bert,1.2060277,0.10791129126553638
russian,23,0,Песня про поезд для большинства отставных машинистов была грустной,SG-SG-SG,SG,SG,SG,bert,1.0654943,0.11492267457977544
russian,23,0,Песня про поезд для большинства отставных машинистов были грустными,SG-SG-PL,SG,SG,PL,bert,1.0612934,0.10064872237479848
russian,23,0,Песня про поезда для большинства отставных машинистов была грустной,SG-PL-SG,SG,PL,SG,bert,1.0643363,0.11511343709524849
russian,23,0,Песня про поезда для большинства отставных машинистов были грустными,SG-PL-PL,SG,PL,PL,bert,1.0739998,0.08916324691996438
russian,23,0,Песни про поезд для большинства отставных машинистов была грустной,PL-SG-SG,PL,SG,SG,bert,1.0638912,0.0734718849441247
russian,23,0,Песни про поезд для большинства отставных машинистов были грустными,PL-SG-PL,PL,SG,PL,bert,1.1372538,0.08755436221196947
russian,23,0,Песни про поезда для большинства отставных машинистов была грустной,PL-PL-SG,PL,PL,SG,bert,1.0514941,0.07613566471231367
russian,23,0,Песни про поезда для большинства отставных машинистов были грустными,PL-PL-PL,PL,PL,PL,bert,1.1449895,0.08030260161868073
russian,24,0,Письмо про поход из маленького сибирского посёлка было отправлено,SG-SG-SG,SG,SG,SG,bert,1.2093557,0.07402424259260959
russian,24,0,Письмо про поход из маленького сибирского посёлка были отправлены,SG-SG-PL,SG,SG,PL,bert,1.0634452,0.09741098529441433
russian,24,0,Письмо про походы из маленького сибирского посёлка было отправлено,SG-PL-SG,SG,PL,SG,bert,1.2054784,0.07418574423081176
russian,24,0,Письмо про походы из маленького сибирского посёлка были отправлены,SG-PL-PL,SG,PL,PL,bert,1.1404465,0.062775709145703
russian,24,0,Письма про поход из маленького сибирского посёлка было отправлено,PL-SG-SG,PL,SG,SG,bert,1.2057236,0.06235788331869305
russian,24,0,Письма про поход из маленького сибирского посёлка были отправлены,PL-SG-PL,PL,SG,PL,bert,1.134904,0.07839220810292061
russian,24,0,Письма про походы из маленького сибирского посёлка было отправлено,PL-PL-SG,PL,PL,SG,bert,1.2014867,0.05550526910487981
russian,24,0,Письма про походы из маленького сибирского посёлка были отправлены,PL-PL-PL,PL,PL,PL,bert,1.1738236,0.058480553308911616
russian,25,0,План на выходной из-за визита назойливых родственников был разрушен,SG-SG-SG,SG,SG,SG,bert,1.087745,0.060721768949029864
russian,25,0,План на выходной из-за визита назойливых родственников были разрушены,SG-SG-PL,SG,SG,PL,bert,0.94860506,0.09671440833685456
russian,25,0,План на выходные из-за визита назойливых родственников был разрушен,SG-PL-SG,SG,PL,SG,bert,1.1126086,0.09372044948660285
russian,25,0,План на выходные из-за визита назойливых родственников были разрушены,SG-PL-PL,SG,PL,PL,bert,0.9649256,0.0978755688399986
russian,25,0,Планы на выходной из-за визита назойливых родственников был разрушен,PL-SG-SG,PL,SG,SG,bert,1.0244875,0.058769826596554
russian,25,0,Планы на выходной из-за визита назойливых родственников были разрушены,PL-SG-PL,PL,SG,PL,bert,1.0548327,0.09308358782508545
russian,25,0,Планы на выходные из-за визита назойливых родственников был разрушен,PL-PL-SG,PL,PL,SG,bert,1.0606779,0.08931137101498965
russian,25,0,Планы на выходные из-за визита назойливых родственников были разрушены,PL-PL-PL,PL,PL,PL,bert,1.0938141,0.09330980494725247
russian,26,0,Поездка на остров для молодых влюблённых студентов была незабываемой,SG-SG-SG,SG,SG,SG,bert,0.89664423,0.09983996469570044
russian,26,0,Поездка на остров для молодых влюблённых студентов были незабываемыми,SG-SG-PL,SG,SG,PL,bert,1.1277955,0.09533230160525434
russian,26,0,Поездка на острова для молодых влюблённых студентов была незабываемой,SG-PL-SG,SG,PL,SG,bert,0.8944437,0.09855978842433909
russian,26,0,Поездка на острова для молодых влюблённых студентов были незабываемыми,SG-PL-PL,SG,PL,PL,bert,1.1336764,0.09035736553586773
russian,26,0,Поездки на остров для молодых влюблённых студентов была незабываемой,PL-SG-SG,PL,SG,SG,bert,0.85012263,0.08203786296379469
russian,26,0,Поездки на остров для молодых влюблённых студентов были незабываемыми,PL-SG-PL,PL,SG,PL,bert,1.2255125,0.07269101080002754
russian,26,0,Поездки на острова для молодых влюблённых студентов была незабываемой,PL-PL-SG,PL,PL,SG,bert,0.8442949,0.0829888088487638
russian,26,0,Поездки на острова для молодых влюблённых студентов были незабываемыми,PL-PL-PL,PL,PL,PL,bert,1.2259479,0.07092146071433873
russian,27,0,Полёт через пролив из-за усилившегося северного ветра был запрещён,SG-SG-SG,SG,SG,SG,bert,1.1030912,0.09338584175352121
russian,27,0,Полёт через пролив из-за усилившегося северного ветра были запрещены,SG-SG-PL,SG,SG,PL,bert,0.9726488,0.10356779903533578
russian,27,0,Полёт через проливы из-за усилившегося северного ветра был запрещён,SG-PL-SG,SG,PL,SG,bert,1.1322324,0.09023520473248936
russian,27,0,Полёт через проливы из-за усилившегося северного ветра были запрещены,SG-PL-PL,SG,PL,PL,bert,1.057857,0.07711308937350567
russian,27,0,Полёты через пролив из-за усилившегося северного ветра был запрещён,PL-SG-SG,PL,SG,SG,bert,1.1116028,0.08945218399344916
russian,27,0,Полёты через пролив из-за усилившегося северного ветра были запрещены,PL-SG-PL,PL,SG,PL,bert,1.1435497,0.10191741432380598
russian,27,0,Полёты через проливы из-за усилившегося северного ветра был запрещён,PL-PL-SG,PL,PL,SG,bert,1.1224375,0.08916479301875065
russian,27,0,Полёты через проливы из-за усилившегося северного ветра были запрещены,PL-PL-PL,PL,PL,PL,bert,1.1841961,0.09185494375126621
russian,28,0,Прогулка через парк для ценителей ландшафтного дизайна была приятной,SG-SG-SG,SG,SG,SG,bert,0.8320874,0.10341512692047349
russian,28,0,Прогулка через парк для ценителей ландшафтного дизайна были приятными,SG-SG-PL,SG,SG,PL,bert,1.0590839,0.09985999490609021
russian,28,0,Прогулка через парки для ценителей ландшафтного дизайна была приятной,SG-PL-SG,SG,PL,SG,bert,0.8169764,0.11060471572774289
russian,28,0,Прогулка через парки для ценителей ландшафтного дизайна были приятными,SG-PL-PL,SG,PL,PL,bert,1.0470505,0.08897607088670643
russian,28,0,Прогулки через парк для ценителей ландшафтного дизайна была приятной,PL-SG-SG,PL,SG,SG,bert,0.8666951,0.07605597744775032
russian,28,0,Прогулки через парк для ценителей ландшафтного дизайна были приятными,PL-SG-PL,PL,SG,PL,bert,1.1168962,0.09629506718350822
russian,28,0,Прогулки через парки для ценителей ландшафтного дизайна была приятной,PL-PL-SG,PL,PL,SG,bert,0.8357217,0.08543654136603793
russian,28,0,Прогулки через парки для ценителей ландшафтного дизайна были приятными,PL-PL-PL,PL,PL,PL,bert,1.1041764,0.09161409141109449
russian,29,0,Прыжок через костёр для обладателей коротких ног был рискованным,SG-SG-SG,SG,SG,SG,bert,1.0682454,0.1320202538227994
russian,29,0,Прыжок через костёр для обладателей коротких ног были рискованными,SG-SG-PL,SG,SG,PL,bert,0.9824009,0.10726511389031235
russian,29,0,Прыжок через костры для обладателей коротких ног был рискованным,SG-PL-SG,SG,PL,SG,bert,1.0715467,0.13249151038277882
russian,29,0,Прыжок через костры для обладателей коротких ног были рискованными,SG-PL-PL,SG,PL,PL,bert,0.9918507,0.09814096920844828
russian,29,0,Прыжки через костёр для обладателей коротких ног был рискованным,PL-SG-SG,PL,SG,SG,bert,1.074231,0.0997700300464747
russian,29,0,Прыжки через костёр для обладателей коротких ног были рискованными,PL-SG-PL,PL,SG,PL,bert,1.0883554,0.10464866688778914
russian,29,0,Прыжки через костры для обладателей коротких ног был рискованным,PL-PL-SG,PL,PL,SG,bert,1.101166,0.10293005156003994
russian,29,0,Прыжки через костры для обладателей коротких ног были рискованными,PL-PL-PL,PL,PL,PL,bert,1.1280787,0.09705257106726915
russian,30,0,Путешествие на курорт для членов большой семьи было приятным,SG-SG-SG,SG,SG,SG,bert,0.85707223,0.08939589458425345
russian,30,0,Путешествие на курорт для членов большой семьи были приятными,SG-SG-PL,SG,SG,PL,bert,0.99517787,0.0939935762667771
russian,30,0,Путешествие на курорты для членов большой семьи было приятным,SG-PL-SG,SG,PL,SG,bert,0.85806596,0.08293423226482192
russian,30,0,Путешествие на курорты для членов большой семьи были приятными,SG-PL-PL,SG,PL,PL,bert,1.010075,0.07221309189041925
russian,30,0,Путешествия на курорт для членов большой семьи было приятным,PL-SG-SG,PL,SG,SG,bert,0.86316407,0.05980295909638826
russian,30,0,Путешествия на курорт для членов большой семьи были приятными,PL-SG-PL,PL,SG,PL,bert,1.0736862,0.08474612536367161
russian,30,0,Путешествия на курорты для членов большой семьи было приятным,PL-PL-SG,PL,PL,SG,bert,0.8646034,0.05264242726144086
russian,30,0,Путешествия на курорты для членов большой семьи были приятными,PL-PL-PL,PL,PL,PL,bert,1.0961419,0.05729500526182699
russian,31,0,Рецепт на порошок из-за частого предъявления аптекарям был мятым,SG-SG-SG,SG,SG,SG,bert,1.1395098,0.10198033180858104
russian,31,0,Рецепт на порошок из-за частого предъявления аптекарям были мятыми,SG-SG-PL,SG,SG,PL,bert,1.1099628,0.09309746724767919
russian,31,0,Рецепт на порошки из-за частого предъявления аптекарям был мятым,SG-PL-SG,SG,PL,SG,bert,1.1462901,0.11577074040245879
russian,31,0,Рецепт на порошки из-за частого предъявления аптекарям были мятыми,SG-PL-PL,SG,PL,PL,bert,1.1134934,0.09507112443196605
russian,31,0,Рецепты на порошок из-за частого предъявления аптекарям был мятым,PL-SG-SG,PL,SG,SG,bert,1.1612246,0.057878054317375166
russian,31,0,Рецепты на порошок из-за частого предъявления аптекарям были мятыми,PL-SG-PL,PL,SG,PL,bert,1.082097,0.10832187972114397
russian,31,0,Рецепты на порошки из-за частого предъявления аптекарям был мятым,PL-PL-SG,PL,PL,SG,bert,1.1736656,0.06898440747197074
russian,31,0,Рецепты на порошки из-за частого предъявления аптекарям были мятыми,PL-PL-PL,PL,PL,PL,bert,1.1204342,0.10356569512731327
russian,32,0,Ссылка на сайт в списке источников статьи была дана,SG-SG-SG,SG,SG,SG,bert,0.9022031,0.13332292856503364
russian,32,0,Ссылка на сайт в списке источников статьи были даны,SG-SG-PL,SG,SG,PL,bert,1.056115,0.02675008119046112
russian,32,0,Ссылка на сайты в списке источников статьи была дана,SG-PL-SG,SG,PL,SG,bert,0.8797453,0.14039130837779226
russian,32,0,Ссылка на сайты в списке источников статьи были даны,SG-PL-PL,SG,PL,PL,bert,1.0645906,0.0294298609828985
russian,32,0,Ссылки на сайт в списке источников статьи была дана,PL-SG-SG,PL,SG,SG,bert,0.95576066,0.006911743907131319
russian,32,0,Ссылки на сайт в списке источников статьи были даны,PL-SG-PL,PL,SG,PL,bert,1.0693254,0.030254190923546177
russian,32,0,Ссылки на сайты в списке источников статьи была дана,PL-PL-SG,PL,PL,SG,bert,0.94101036,0.01967359849317618
russian,32,0,Ссылки на сайты в списке источников статьи были даны,PL-PL-PL,PL,PL,PL,bert,1.0898386,0.02474533704443243
russian,33,0,Талон на обед во время большой перемены был выдан,SG-SG-SG,SG,SG,SG,bert,0.9592043,0.06733756417096808
russian,33,0,Талон на обед во время большой перемены были выданы,SG-SG-PL,SG,SG,PL,bert,1.0172515,0.08569630663060991
russian,33,0,Талон на обеды во время большой перемены был выдан,SG-PL-SG,SG,PL,SG,bert,0.9382187,0.07288180048510644
russian,33,0,Талон на обеды во время большой перемены были выданы,SG-PL-PL,SG,PL,PL,bert,1.0143402,0.07062062593069329
russian,33,0,Талоны на обед во время большой перемены был выдан,PL-SG-SG,PL,SG,SG,bert,0.9538895,0.03987969426032009
russian,33,0,Талоны на обед во время большой перемены были выданы,PL-SG-PL,PL,SG,PL,bert,1.0785215,0.09689556242987933
russian,33,0,Талоны на обеды во время большой перемены был выдан,PL-PL-SG,PL,PL,SG,bert,0.92429316,0.05587308948192386
russian,33,0,Талоны на обеды во время большой перемены были выданы,PL-PL-PL,PL,PL,PL,bert,1.0796955,0.0778732067775035
russian,34,0,Ткань на пиджак в каталоге весенней коллекции была подобрана,SG-SG-SG,SG,SG,SG,bert,1.0502836,0.0896817026486656
russian,34,0,Ткань на пиджак в каталоге весенней коллекции были подобраны,SG-SG-PL,SG,SG,PL,bert,1.0547674,0.05836131458376713
russian,34,0,Ткань на пиджаки в каталоге весенней коллекции была подобрана,SG-PL-SG,SG,PL,SG,bert,1.0202883,0.08811353911552357
russian,34,0,Ткань на пиджаки в каталоге весенней коллекции были подобраны,SG-PL-PL,SG,PL,PL,bert,1.0512594,0.04195587832054648
russian,34,0,Ткани на пиджак в каталоге весенней коллекции была подобрана,PL-SG-SG,PL,SG,SG,bert,1.1044806,0.04333336830886804
russian,34,0,Ткани на пиджак в каталоге весенней коллекции были подобраны,PL-SG-PL,PL,SG,PL,bert,1.1008439,0.0512014965247414
russian,34,0,Ткани на пиджаки в каталоге весенней коллекции была подобрана,PL-PL-SG,PL,PL,SG,bert,1.0837727,0.034996289079320196
russian,34,0,Ткани на пиджаки в каталоге весенней коллекции были подобраны,PL-PL-PL,PL,PL,PL,bert,1.1016929,0.03140651717213318
russian,35,0,Трасса через поле по меркам местных жителей была новой,SG-SG-SG,SG,SG,SG,bert,1.0390253,0.0930136562513889
russian,35,0,Трасса через поле по меркам местных жителей были новыми,SG-SG-PL,SG,SG,PL,bert,0.9844821,0.09515231467244384
russian,35,0,Трасса через поля по меркам местных жителей была новой,SG-PL-SG,SG,PL,SG,bert,1.0438362,0.09938578786567494
russian,35,0,Трасса через поля по меркам местных жителей были новыми,SG-PL-PL,SG,PL,PL,bert,1.0044618,0.08197221766220668
russian,35,0,Трассы через поле по меркам местных жителей была новой,PL-SG-SG,PL,SG,SG,bert,0.96288645,0.07503413113578938
russian,35,0,Трассы через поле по меркам местных жителей были новыми,PL-SG-PL,PL,SG,PL,bert,1.003645,0.09890367576962027
russian,35,0,Трассы через поля по меркам местных жителей была новой,PL-PL-SG,PL,PL,SG,bert,0.95485324,0.08470403523881641
russian,35,0,Трассы через поля по меркам местных жителей были новыми,PL-PL-PL,PL,PL,PL,bert,1.0188189,0.09384807835570741
russian,36,0,Тропинка через луг во время деревенской ярмарки была протоптана,SG-SG-SG,SG,SG,SG,bert,1.3241737,0.09315968144476149
russian,36,0,Тропинка через луг во время деревенской ярмарки были протоптаны,SG-SG-PL,SG,SG,PL,bert,1.2404807,0.08381363737374244
russian,36,0,Тропинка через луга во время деревенской ярмарки была протоптана,SG-PL-SG,SG,PL,SG,bert,1.343865,0.09827966711966751
russian,36,0,Тропинка через луга во время деревенской ярмарки были протоптаны,SG-PL-PL,SG,PL,PL,bert,1.2786473,0.079054574618047
russian,36,0,Тропинки через луг во время деревенской ярмарки была протоптана,PL-SG-SG,PL,SG,SG,bert,1.2684127,0.05714068071457797
russian,36,0,Тропинки через луг во время деревенской ярмарки были протоптаны,PL-SG-PL,PL,SG,PL,bert,1.310842,0.07735165621092127
russian,36,0,Тропинки через луга во время деревенской ярмарки была протоптана,PL-PL-SG,PL,PL,SG,bert,1.278088,0.0599318055491562
russian,36,0,Тропинки через луга во время деревенской ярмарки были протоптаны,PL-PL-PL,PL,PL,PL,bert,1.341075,0.07627435467252927
russian,37,0,Тур на озеро для участников последней поездки был незабываемым,SG-SG-SG,SG,SG,SG,bert,1.0457556,0.09264093357714351
russian,37,0,Тур на озеро для участников последней поездки были незабываемыми,SG-SG-PL,SG,SG,PL,bert,1.1546075,0.0936440519341943
russian,37,0,Тур на озёра для участников последней поездки был незабываемым,SG-PL-SG,SG,PL,SG,bert,1.0344256,0.09453998192741082
russian,37,0,Тур на озёра для участников последней поездки были незабываемыми,SG-PL-PL,SG,PL,PL,bert,1.1548573,0.0927148310087091
russian,37,0,Туры на озеро для участников последней поездки был незабываемым,PL-SG-SG,PL,SG,SG,bert,0.94455117,0.08773151594691798
russian,37,0,Туры на озеро для участников последней поездки были незабываемыми,PL-SG-PL,PL,SG,PL,bert,1.2340782,0.08688888972987385
russian,37,0,Туры на озёра для участников последней поездки был незабываемым,PL-PL-SG,PL,PL,SG,bert,0.9368473,0.08908493105603278
russian,37,0,Туры на озёра для участников последней поездки были незабываемыми,PL-PL-PL,PL,PL,PL,bert,1.2247139,0.08754525843860747
russian,38,0,Удар в колено для юных неопытных борцов был болезненным,SG-SG-SG,SG,SG,SG,bert,1.1347721,0.06458736724172612
russian,38,0,Удар в колено для юных неопытных борцов были болезненными,SG-SG-PL,SG,SG,PL,bert,0.98565006,0.1004124737812901
russian,38,0,Удар в колени для юных неопытных борцов был болезненным,SG-PL-SG,SG,PL,SG,bert,1.1177115,0.08456656128061218
russian,38,0,Удар в колени для юных неопытных борцов были болезненными,SG-PL-PL,SG,PL,PL,bert,0.97052896,0.10375264208528483
russian,38,0,Удары в колено для юных неопытных борцов был болезненным,PL-SG-SG,PL,SG,SG,bert,1.0144414,0.07339957820136835
russian,38,0,Удары в колено для юных неопытных борцов были болезненными,PL-SG-PL,PL,SG,PL,bert,1.1283387,0.07973786691744046
russian,38,0,Удары в колени для юных неопытных борцов был болезненным,PL-PL-SG,PL,PL,SG,bert,0.99488384,0.09262920951198006
russian,38,0,Удары в колени для юных неопытных борцов были болезненными,PL-PL-PL,PL,PL,PL,bert,1.1044676,0.08719340037988842
russian,39,0,Цена на продукт из-за плохого качества сырья была низкой,SG-SG-SG,SG,SG,SG,bert,0.87911975,0.1294140964489202
russian,39,0,Цена на продукт из-за плохого качества сырья были низкими,SG-SG-PL,SG,SG,PL,bert,1.0980371,0.09470095306376057
russian,39,0,Цена на продукты из-за плохого качества сырья была низкой,SG-PL-SG,SG,PL,SG,bert,0.8927407,0.13793039518353858
russian,39,0,Цена на продукты из-за плохого качества сырья были низкими,SG-PL-PL,SG,PL,PL,bert,1.1115878,0.09213149994632516
russian,39,0,Цены на продукт из-за плохого качества сырья была низкой,PL-SG-SG,PL,SG,SG,bert,0.91106874,0.09678581872709098
russian,39,0,Цены на продукт из-за плохого качества сырья были низкими,PL-SG-PL,PL,SG,PL,bert,1.1654394,0.09064320499125
russian,39,0,Цены на продукты из-за плохого качества сырья была низкой,PL-PL-SG,PL,PL,SG,bert,0.8977855,0.1068106626587083
russian,39,0,Цены на продукты из-за плохого качества сырья были низкими,PL-PL-PL,PL,PL,PL,bert,1.1624281,0.08919183849860654
russian,40,0,Штраф за прогул в целях воспитания сотрудников был введён,SG-SG-SG,SG,SG,SG,bert,1.0247409,0.07450904148761756
russian,40,0,Штраф за прогул в целях воспитания сотрудников были введены,SG-SG-PL,SG,SG,PL,bert,0.9783211,0.07493027771980276
russian,40,0,Штраф за прогулы в целях воспитания сотрудников был введён,SG-PL-SG,SG,PL,SG,bert,1.0236491,0.07936404510182613
russian,40,0,Штраф за прогулы в целях воспитания сотрудников были введены,SG-PL-PL,SG,PL,PL,bert,0.99340475,0.07527465146977796
russian,40,0,Штрафы за прогул в целях воспитания сотрудников был введён,PL-SG-SG,PL,SG,SG,bert,1.0729803,0.05637914498735616
russian,40,0,Штрафы за прогул в целях воспитания сотрудников были введены,PL-SG-PL,PL,SG,PL,bert,1.1009814,0.08050574350909302
russian,40,0,Штрафы за прогулы в целях воспитания сотрудников был введён,PL-PL-SG,PL,PL,SG,bert,1.0555766,0.06586868026334242
russian,40,0,Штрафы за прогулы в целях воспитания сотрудников были введены,PL-PL-PL,PL,PL,PL,bert,1.113725,0.07745608432695952
russian,41,1,Аргумент против обвинения для адвоката пострадавшей стороны был сокрушительным,SG-SG-SG,SG,SG,SG,bert,1.274899,0.08039186679053528
russian,41,1,Аргумент против обвинения для адвоката пострадавшей стороны были сокрушительными,SG-SG-PL,SG,SG,PL,bert,1.2942955,0.08122259793750311
russian,41,1,Аргумент против обвинений для адвоката пострадавшей стороны был сокрушительным,SG-PL-SG,SG,PL,SG,bert,1.299582,0.06371014714353793
russian,41,1,Аргумент против обвинений для адвоката пострадавшей стороны были сокрушительными,SG-PL-PL,SG,PL,PL,bert,1.2978716,0.07999636041988492
russian,41,1,Аргументы против обвинения для адвоката пострадавшей стороны был сокрушительным,PL-SG-SG,PL,SG,SG,bert,1.1416435,0.06282804915808912
russian,41,1,Аргументы против обвинения для адвоката пострадавшей стороны были сокрушительными,PL-SG-PL,PL,SG,PL,bert,1.3755361,0.05968667120600915
russian,41,1,Аргументы против обвинений для адвоката пострадавшей стороны был сокрушительным,PL-PL-SG,PL,PL,SG,bert,1.1630507,0.043786891341065656
russian,41,1,Аргументы против обвинений для адвоката пострадавшей стороны были сокрушительными,PL-PL-PL,PL,PL,PL,bert,1.3904225,0.058934409094668946
russian,42,1,Видеозапись с лекции для пропустивших занятия студентов была содержательной,SG-SG-SG,SG,SG,SG,bert,1.0014051,0.07682476661118594
russian,42,1,Видеозапись с лекции для пропустивших занятия студентов были содержательными,SG-SG-PL,SG,SG,PL,bert,1.0727376,0.09238156807943446
russian,42,1,Видеозапись с лекций для пропустивших занятия студентов была содержательной,SG-PL-SG,SG,PL,SG,bert,1.0014051,0.07682476661118594
russian,42,1,Видеозапись с лекций для пропустивших занятия студентов были содержательными,SG-PL-PL,SG,PL,PL,bert,1.0727376,0.09238156807943446
russian,42,1,Видеозаписи с лекции для пропустивших занятия студентов была содержательной,PL-SG-SG,PL,SG,SG,bert,0.9867965,0.06567822306175551
russian,42,1,Видеозаписи с лекции для пропустивших занятия студентов были содержательными,PL-SG-PL,PL,SG,PL,bert,1.1382262,0.06250363944565107
russian,42,1,Видеозаписи с лекций для пропустивших занятия студентов была содержательной,PL-PL-SG,PL,PL,SG,bert,0.9867965,0.06567822306175551
russian,42,1,Видеозаписи с лекций для пропустивших занятия студентов были содержательными,PL-PL-PL,PL,PL,PL,bert,1.1382262,0.06250363944565107
russian,43,1,Вывод из поражения из-за тщательного анализа ситуации был верным,SG-SG-SG,SG,SG,SG,bert,1.0056976,0.10541061424759558
russian,43,1,Вывод из поражения из-за тщательного анализа ситуации были верными,SG-SG-PL,SG,SG,PL,bert,1.0377429,0.08548845801759203
russian,43,1,Вывод из поражений из-за тщательного анализа ситуации был верным,SG-PL-SG,SG,PL,SG,bert,1.0475037,0.09023056191854377
russian,43,1,Вывод из поражений из-за тщательного анализа ситуации были верными,SG-PL-PL,SG,PL,PL,bert,1.0403897,0.07748488072847126
russian,43,1,Выводы из поражения из-за тщательного анализа ситуации был верным,PL-SG-SG,PL,SG,SG,bert,0.9795376,0.08647542923322676
russian,43,1,Выводы из поражения из-за тщательного анализа ситуации были верными,PL-SG-PL,PL,SG,PL,bert,1.1772374,0.08247671675524922
russian,43,1,Выводы из поражений из-за тщательного анализа ситуации был верным,PL-PL-SG,PL,PL,SG,bert,1.0183741,0.06841820438233075
russian,43,1,Выводы из поражений из-за тщательного анализа ситуации были верными,PL-PL-PL,PL,PL,PL,bert,1.1818014,0.0717388106427905
russian,44,1,Выдержка из книги для упрощения процесса запоминания была краткой,SG-SG-SG,SG,SG,SG,bert,1.1165888,0.09161148368535843
russian,44,1,Выдержка из книги для упрощения процесса запоминания были краткими,SG-SG-PL,SG,SG,PL,bert,1.0008018,0.0899566550520654
russian,44,1,Выдержка из книг для упрощения процесса запоминания была краткой,SG-PL-SG,SG,PL,SG,bert,1.1109383,0.0940651714327729
russian,44,1,Выдержка из книг для упрощения процесса запоминания были краткими,SG-PL-PL,SG,PL,PL,bert,1.0028781,0.08992443911683597
russian,44,1,Выдержки из книги для упрощения процесса запоминания была краткой,PL-SG-SG,PL,SG,SG,bert,1.1222343,0.04243746971667736
russian,44,1,Выдержки из книги для упрощения процесса запоминания были краткими,PL-SG-PL,PL,SG,PL,bert,1.115946,0.07022621443152288
russian,44,1,Выдержки из книг для упрощения процесса запоминания была краткой,PL-PL-SG,PL,PL,SG,bert,1.110365,0.04961209954521975
russian,44,1,Выдержки из книг для упрощения процесса запоминания были краткими,PL-PL-PL,PL,PL,PL,bert,1.1051075,0.06842901970697386
russian,45,1,Выписка из программы во время затянувшегося заседания была сделана,SG-SG-SG,SG,SG,SG,bert,1.0930212,0.10800110910492987
russian,45,1,Выписка из программы во время затянувшегося заседания были сделаны,SG-SG-PL,SG,SG,PL,bert,0.9968344,0.08510892789327233
russian,45,1,Выписка из программ во время затянувшегося заседания была сделана,SG-PL-SG,SG,PL,SG,bert,1.0910705,0.10759319592162339
russian,45,1,Выписка из программ во время затянувшегося заседания были сделаны,SG-PL-PL,SG,PL,PL,bert,0.9866678,0.09411950151189297
russian,45,1,Выписки из программы во время затянувшегося заседания была сделана,PL-SG-SG,PL,SG,SG,bert,1.0767521,0.07897502605480265
russian,45,1,Выписки из программы во время затянувшегося заседания были сделаны,PL-SG-PL,PL,SG,PL,bert,1.0905292,0.095741586716663
russian,45,1,Выписки из программ во время затянувшегося заседания была сделана,PL-PL-SG,PL,PL,SG,bert,1.0741149,0.06964729383468736
russian,45,1,Выписки из программ во время затянувшегося заседания были сделаны,PL-PL-PL,PL,PL,PL,bert,1.0719063,0.09121313127546089
russian,46,1,Выход из ситуации для опытного школьного психолога был очевидным,SG-SG-SG,SG,SG,SG,bert,1.2519212,0.05301705547851977
russian,46,1,Выход из ситуации для опытного школьного психолога были очевидными,SG-SG-PL,SG,SG,PL,bert,1.1380076,0.07280178449597559
russian,46,1,Выход из ситуаций для опытного школьного психолога был очевидным,SG-PL-SG,SG,PL,SG,bert,1.2519212,0.05301705547851977
russian,46,1,Выход из ситуаций для опытного школьного психолога были очевидными,SG-PL-PL,SG,PL,PL,bert,1.1380076,0.07280178449597559
russian,46,1,Выходы из ситуации для опытного школьного психолога был очевидным,PL-SG-SG,PL,SG,SG,bert,1.2333733,0.07101013070548706
russian,46,1,Выходы из ситуации для опытного школьного психолога были очевидными,PL-SG-PL,PL,SG,PL,bert,1.254225,0.07409030416980993
russian,46,1,Выходы из ситуаций для опытного школьного психолога был очевидным,PL-PL-SG,PL,PL,SG,bert,1.2333733,0.07101013070548706
russian,46,1,Выходы из ситуаций для опытного школьного психолога были очевидными,PL-PL-PL,PL,PL,PL,bert,1.254225,0.07409030416980993
russian,47,1,Доска для афиши к ограде маленького театра была прибита,SG-SG-SG,SG,SG,SG,bert,1.0922523,0.07861918261996535
russian,47,1,Доска для афиши к ограде маленького театра были прибиты,SG-SG-PL,SG,SG,PL,bert,1.0134659,0.07517065130334892
russian,47,1,Доска для афиш к ограде маленького театра была прибита,SG-PL-SG,SG,PL,SG,bert,1.0823342,0.08310041005716665
russian,47,1,Доска для афиш к ограде маленького театра были прибиты,SG-PL-PL,SG,PL,PL,bert,0.9911459,0.08486837279387885
russian,47,1,Доски для афиши к ограде маленького театра была прибита,PL-SG-SG,PL,SG,SG,bert,1.070833,0.05973155170424589
russian,47,1,Доски для афиши к ограде маленького театра были прибиты,PL-SG-PL,PL,SG,PL,bert,1.1401501,0.06126341797347922
russian,47,1,Доски для афиш к ограде маленького театра была прибита,PL-PL-SG,PL,PL,SG,bert,1.0608145,0.06620114656719038
russian,47,1,Доски для афиш к ограде маленького театра были прибиты,PL-PL-PL,PL,PL,PL,bert,1.1199872,0.0714315152443977
russian,48,1,Задержка из-за наводнения из-за отсутствия достоверной информации была пугающей,SG-SG-SG,SG,SG,SG,bert,1.1230628,0.10341530589276264
russian,48,1,Задержка из-за наводнения из-за отсутствия достоверной информации были пугающими,SG-SG-PL,SG,SG,PL,bert,1.119472,0.09154401324905982
russian,48,1,Задержка из-за наводнений из-за отсутствия достоверной информации была пугающей,SG-PL-SG,SG,PL,SG,bert,1.1251264,0.10174756640163328
russian,48,1,Задержка из-за наводнений из-за отсутствия достоверной информации были пугающими,SG-PL-PL,SG,PL,PL,bert,1.1201847,0.09227645345194879
russian,48,1,Задержки из-за наводнения из-за отсутствия достоверной информации была пугающей,PL-SG-SG,PL,SG,SG,bert,1.0879021,0.09426111685248738
russian,48,1,Задержки из-за наводнения из-за отсутствия достоверной информации были пугающими,PL-SG-PL,PL,SG,PL,bert,1.1982462,0.09125325299744161
russian,48,1,Задержки из-за наводнений из-за отсутствия достоверной информации была пугающей,PL-PL-SG,PL,PL,SG,bert,1.0883209,0.09328065519382447
russian,48,1,Задержки из-за наводнений из-за отсутствия достоверной информации были пугающими,PL-PL-PL,PL,PL,PL,bert,1.2013228,0.09160276943970566
russian,49,1,Зал для заседания по масштабам небольшого городка был громадным,SG-SG-SG,SG,SG,SG,bert,1.1043532,0.09476991978180548
russian,49,1,Зал для заседания по масштабам небольшого городка были громадными,SG-SG-PL,SG,SG,PL,bert,1.078165,0.09427472554202114
russian,49,1,Зал для заседаний по масштабам небольшого городка был громадным,SG-PL-SG,SG,PL,SG,bert,1.1021206,0.09650518377316644
russian,49,1,Зал для заседаний по масштабам небольшого городка были громадными,SG-PL-PL,SG,PL,PL,bert,1.0754042,0.10119230780144435
russian,49,1,Залы для заседания по масштабам небольшого городка был громадным,PL-SG-SG,PL,SG,SG,bert,1.0814325,0.08577040563938916
russian,49,1,Залы для заседания по масштабам небольшого городка были громадными,PL-SG-PL,PL,SG,PL,bert,1.178388,0.06808301119900732
russian,49,1,Залы для заседаний по масштабам небольшого городка был громадным,PL-PL-SG,PL,PL,SG,bert,1.0829756,0.08511724671665949
russian,49,1,Залы для заседаний по масштабам небольшого городка были громадными,PL-PL-PL,PL,PL,PL,bert,1.1662912,0.07707862678455055
russian,50,1,Запчасть для иномарки по меркам современного автовладельца была старой,SG-SG-SG,SG,SG,SG,bert,1.1519955,0.17476524452344797
russian,50,1,Запчасть для иномарки по меркам современного автовладельца были старыми,SG-SG-PL,SG,SG,PL,bert,1.1770458,0.1252516573637617
russian,50,1,Запчасть для иномарок по меркам современного автовладельца была старой,SG-PL-SG,SG,PL,SG,bert,1.1507707,0.17602685468675403
russian,50,1,Запчасть для иномарок по меркам современного автовладельца были старыми,SG-PL-PL,SG,PL,PL,bert,1.150982,0.1358605780240913
russian,50,1,Запчасти для иномарки по меркам современного автовладельца была старой,PL-SG-SG,PL,SG,SG,bert,1.0619602,0.010577750546084376
russian,50,1,Запчасти для иномарки по меркам современного автовладельца были старыми,PL-SG-PL,PL,SG,PL,bert,1.0743171,0.10321506907570893
russian,50,1,Запчасти для иномарок по меркам современного автовладельца была старой,PL-PL-SG,PL,PL,SG,bert,1.0686754,0.010368297906281194
russian,50,1,Запчасти для иномарок по меркам современного автовладельца были старыми,PL-PL-PL,PL,PL,PL,bert,1.052623,0.11123100695500501
russian,51,1,Исключение из правила на аккуратно свёрнутую шпаргалку было выписано,SG-SG-SG,SG,SG,SG,bert,1.1815414,0.05402534691220959
russian,51,1,Исключение из правила на аккуратно свёрнутую шпаргалку были выписаны,SG-SG-PL,SG,SG,PL,bert,1.1675144,0.027096313989240263
russian,51,1,Исключение из правил на аккуратно свёрнутую шпаргалку было выписано,SG-PL-SG,SG,PL,SG,bert,1.1832739,0.041891486316999696
russian,51,1,Исключение из правил на аккуратно свёрнутую шпаргалку были выписаны,SG-PL-PL,SG,PL,PL,bert,1.1733557,0.03499970366548505
russian,51,1,Исключения из правила на аккуратно свёрнутую шпаргалку было выписано,PL-SG-SG,PL,SG,SG,bert,1.1873844,0.018223683693290894
russian,51,1,Исключения из правила на аккуратно свёрнутую шпаргалку были выписаны,PL-SG-PL,PL,SG,PL,bert,1.1758054,0.0453937711457277
russian,51,1,Исключения из правил на аккуратно свёрнутую шпаргалку было выписано,PL-PL-SG,PL,PL,SG,bert,1.1872655,0.004156935992017566
russian,51,1,Исключения из правил на аккуратно свёрнутую шпаргалку были выписаны,PL-PL-PL,PL,PL,PL,bert,1.1900373,0.0488194695797698
russian,52,1,Истерика из-за оценки по мнению родителей девочки была бурной,SG-SG-SG,SG,SG,SG,bert,0.90188825,0.10333298646531179
russian,52,1,Истерика из-за оценки по мнению родителей девочки были бурными,SG-SG-PL,SG,SG,PL,bert,1.0095139,0.07573207468641617
russian,52,1,Истерика из-за оценок по мнению родителей девочки была бурной,SG-PL-SG,SG,PL,SG,bert,0.95232296,0.0954306307934039
russian,52,1,Истерика из-за оценок по мнению родителей девочки были бурными,SG-PL-PL,SG,PL,PL,bert,1.0722767,0.06680921092553901
russian,52,1,Истерики из-за оценки по мнению родителей девочки была бурной,PL-SG-SG,PL,SG,SG,bert,0.87463856,0.09922348512453623
russian,52,1,Истерики из-за оценки по мнению родителей девочки были бурными,PL-SG-PL,PL,SG,PL,bert,1.0550325,0.07366377847412131
russian,52,1,Истерики из-за оценок по мнению родителей девочки была бурной,PL-PL-SG,PL,PL,SG,bert,0.9048975,0.09512918217729815
russian,52,1,Истерики из-за оценок по мнению родителей девочки были бурными,PL-PL-PL,PL,PL,PL,bert,1.1183051,0.05930895412066946
russian,53,1,Камень для ограды с лучшей итальянской каменоломни был завезён,SG-SG-SG,SG,SG,SG,bert,1.0472147,0.09253343724476375
russian,53,1,Камень для ограды с лучшей итальянской каменоломни были завезены,SG-SG-PL,SG,SG,PL,bert,1.1879811,0.08896627263608166
russian,53,1,Камень для оград с лучшей итальянской каменоломни был завезён,SG-PL-SG,SG,PL,SG,bert,1.0450399,0.09514061918578533
russian,53,1,Камень для оград с лучшей итальянской каменоломни были завезены,SG-PL-PL,SG,PL,PL,bert,1.186338,0.09284584774085176
russian,53,1,Камни для ограды с лучшей итальянской каменоломни был завезён,PL-SG-SG,PL,SG,SG,bert,1.0459952,0.0712204960139351
russian,53,1,Камни для ограды с лучшей итальянской каменоломни были завезены,PL-SG-PL,PL,SG,PL,bert,1.2408354,0.08183634022099336
russian,53,1,Камни для оград с лучшей итальянской каменоломни был завезён,PL-PL-SG,PL,PL,SG,bert,1.0454736,0.0716271835362251
russian,53,1,Камни для оград с лучшей итальянской каменоломни были завезены,PL-PL-PL,PL,PL,PL,bert,1.2433348,0.08346541355614731
russian,54,1,Кирпич для дачи со склада бракованной продукции был привезён,SG-SG-SG,SG,SG,SG,bert,1.0369473,0.08384183706946413
russian,54,1,Кирпич для дачи со склада бракованной продукции были привезены,SG-SG-PL,SG,SG,PL,bert,0.9678606,0.07404066788958616
russian,54,1,Кирпич для дач со склада бракованной продукции был привезён,SG-PL-SG,SG,PL,SG,bert,1.0800655,0.06960327244030026
russian,54,1,Кирпич для дач со склада бракованной продукции были привезены,SG-PL-PL,SG,PL,PL,bert,0.9847964,0.07354109840758478
russian,54,1,Кирпичи для дачи со склада бракованной продукции был привезён,PL-SG-SG,PL,SG,SG,bert,1.0923475,0.07694294690309228
russian,54,1,Кирпичи для дачи со склада бракованной продукции были привезены,PL-SG-PL,PL,SG,PL,bert,1.0544438,0.08574979353060388
russian,54,1,Кирпичи для дач со склада бракованной продукции был привезён,PL-PL-SG,PL,PL,SG,bert,1.1154237,0.054543008206370515
russian,54,1,Кирпичи для дач со склада бракованной продукции были привезены,PL-PL-PL,PL,PL,PL,bert,1.0927737,0.0811515799224538
russian,55,1,Ключ от шкатулки из-за высокой влажности воздуха был ржавым,SG-SG-SG,SG,SG,SG,bert,1.0722157,0.08456868059753223
russian,55,1,Ключ от шкатулки из-за высокой влажности воздуха были ржавыми,SG-SG-PL,SG,SG,PL,bert,1.0388739,0.08365990496492377
russian,55,1,Ключ от шкатулок из-за высокой влажности воздуха был ржавым,SG-PL-SG,SG,PL,SG,bert,1.0814902,0.07990438541819947
russian,55,1,Ключ от шкатулок из-за высокой влажности воздуха были ржавыми,SG-PL-PL,SG,PL,PL,bert,1.0409085,0.08098382694266593
russian,55,1,Ключи от шкатулки из-за высокой влажности воздуха был ржавым,PL-SG-SG,PL,SG,SG,bert,1.0248129,0.07602181812098649
russian,55,1,Ключи от шкатулки из-за высокой влажности воздуха были ржавыми,PL-SG-PL,PL,SG,PL,bert,1.1356946,0.06993470487253521
russian,55,1,Ключи от шкатулок из-за высокой влажности воздуха был ржавым,PL-PL-SG,PL,PL,SG,bert,1.0410073,0.06888653491174299
russian,55,1,Ключи от шкатулок из-за высокой влажности воздуха были ржавыми,PL-PL-PL,PL,PL,PL,bert,1.144979,0.062005925093769426
russian,56,1,Комната для вечеринки из-за малого количества мебели была просторной,SG-SG-SG,SG,SG,SG,bert,1.1541373,0.0829115435345118
russian,56,1,Комната для вечеринки из-за малого количества мебели были просторными,SG-SG-PL,SG,SG,PL,bert,1.159447,0.05918616211061906
russian,56,1,Комната для вечеринок из-за малого количества мебели была просторной,SG-PL-SG,SG,PL,SG,bert,1.1699631,0.0918489282161301
russian,56,1,Комната для вечеринок из-за малого количества мебели были просторными,SG-PL-PL,SG,PL,PL,bert,1.1422682,0.07522957747077087
russian,56,1,Комнаты для вечеринки из-за малого количества мебели была просторной,PL-SG-SG,PL,SG,SG,bert,1.1379721,0.0349041092543516
russian,56,1,Комнаты для вечеринки из-за малого количества мебели были просторными,PL-SG-PL,PL,SG,PL,bert,1.1978654,0.0483692541443391
russian,56,1,Комнаты для вечеринок из-за малого количества мебели была просторной,PL-PL-SG,PL,PL,SG,bert,1.1213264,0.0567152938960586
russian,56,1,Комнаты для вечеринок из-за малого количества мебели были просторными,PL-PL-PL,PL,PL,PL,bert,1.2086859,0.06975678316552825
russian,57,1,Кондиционер для помещения из-за ошибки заводских сборщиков был неисправен,SG-SG-SG,SG,SG,SG,bert,1.0874474,0.09210717314550429
russian,57,1,Кондиционер для помещения из-за ошибки заводских сборщиков были неисправны,SG-SG-PL,SG,SG,PL,bert,1.0662075,0.08922455110585663
russian,57,1,Кондиционер для помещений из-за ошибки заводских сборщиков был неисправен,SG-PL-SG,SG,PL,SG,bert,1.0729512,0.09401642176949941
russian,57,1,Кондиционер для помещений из-за ошибки заводских сборщиков были неисправны,SG-PL-PL,SG,PL,PL,bert,1.0487595,0.09524249638324463
russian,57,1,Кондиционеры для помещения из-за ошибки заводских сборщиков был неисправен,PL-SG-SG,PL,SG,SG,bert,1.0948102,0.07022517930837802
russian,57,1,Кондиционеры для помещения из-за ошибки заводских сборщиков были неисправны,PL-SG-PL,PL,SG,PL,bert,1.1963642,0.09440665001402263
russian,57,1,Кондиционеры для помещений из-за ошибки заводских сборщиков был неисправен,PL-PL-SG,PL,PL,SG,bert,1.0877192,0.07109886962173863
russian,57,1,Кондиционеры для помещений из-за ошибки заводских сборщиков были неисправны,PL-PL-PL,PL,PL,PL,bert,1.1848761,0.0995745263614412
russian,58,1,Коробка для краски из-за экологических убеждений производителя была картонной,SG-SG-SG,SG,SG,SG,bert,0.93905944,0.13565250597928655
russian,58,1,Коробка для краски из-за экологических убеждений производителя были картонными,SG-SG-PL,SG,SG,PL,bert,0.9467968,0.09261151984143853
russian,58,1,Коробка для красок из-за экологических убеждений производителя была картонной,SG-PL-SG,SG,PL,SG,bert,0.9434713,0.14046107570145563
russian,58,1,Коробка для красок из-за экологических убеждений производителя были картонными,SG-PL-PL,SG,PL,PL,bert,0.9299488,0.09790004444970744
russian,58,1,Коробки для краски из-за экологических убеждений производителя была картонной,PL-SG-SG,PL,SG,SG,bert,0.93239725,0.06665566384407029
russian,58,1,Коробки для краски из-за экологических убеждений производителя были картонными,PL-SG-PL,PL,SG,PL,bert,1.017566,0.09203487677868022
russian,58,1,Коробки для красок из-за экологических убеждений производителя была картонной,PL-PL-SG,PL,PL,SG,bert,0.9343694,0.06505178930072622
russian,58,1,Коробки для красок из-за экологических убеждений производителя были картонными,PL-PL-PL,PL,PL,PL,bert,1.0057015,0.10152900324879743
russian,59,1,Лекарство от болезни для отдельных категорий граждан было доступным,SG-SG-SG,SG,SG,SG,bert,0.99946725,0.13744752797990928
russian,59,1,Лекарство от болезни для отдельных категорий граждан были доступными,SG-SG-PL,SG,SG,PL,bert,1.0272716,0.07668389879012354
russian,59,1,Лекарство от болезней для отдельных категорий граждан было доступным,SG-PL-SG,SG,PL,SG,bert,0.9932491,0.11163447330122267
russian,59,1,Лекарство от болезней для отдельных категорий граждан были доступными,SG-PL-PL,SG,PL,PL,bert,1.0169144,0.073395702146514
russian,59,1,Лекарства от болезни для отдельных категорий граждан было доступным,PL-SG-SG,PL,SG,SG,bert,1.0282717,0.09047498448817776
russian,59,1,Лекарства от болезни для отдельных категорий граждан были доступными,PL-SG-PL,PL,SG,PL,bert,1.1223737,0.06890611118155938
russian,59,1,Лекарства от болезней для отдельных категорий граждан было доступным,PL-PL-SG,PL,PL,SG,bert,1.01889,0.06466731830334779
russian,59,1,Лекарства от болезней для отдельных категорий граждан были доступными,PL-PL-PL,PL,PL,PL,bert,1.115504,0.0670068579879759
russian,60,1,Лимузин для свадьбы с яркими розовыми бантами был белым,SG-SG-SG,SG,SG,SG,bert,1.1489861,0.09651170311011026
russian,60,1,Лимузин для свадьбы с яркими розовыми бантами были белыми,SG-SG-PL,SG,SG,PL,bert,1.0597984,0.08278066479414387
russian,60,1,Лимузин для свадеб с яркими розовыми бантами был белым,SG-PL-SG,SG,PL,SG,bert,1.1404377,0.0959537013652296
russian,60,1,Лимузин для свадеб с яркими розовыми бантами были белыми,SG-PL-PL,SG,PL,PL,bert,1.0481822,0.08964107349837708
russian,60,1,Лимузины для свадьбы с яркими розовыми бантами был белым,PL-SG-SG,PL,SG,SG,bert,1.1091274,0.08732879464599647
russian,60,1,Лимузины для свадьбы с яркими розовыми бантами были белыми,PL-SG-PL,PL,SG,PL,bert,1.1269606,0.08663506428786935
russian,60,1,Лимузины для свадеб с яркими розовыми бантами был белым,PL-PL-SG,PL,PL,SG,bert,1.1087145,0.08605941356904293
russian,60,1,Лимузины для свадеб с яркими розовыми бантами были белыми,PL-PL-PL,PL,PL,PL,bert,1.1072477,0.09446031497962556
russian,61,1,Лозунг из листовки с целью привлечения внимания был придуман,SG-SG-SG,SG,SG,SG,bert,0.9373008,0.08571365985982449
russian,61,1,Лозунг из листовки с целью привлечения внимания были придуманы,SG-SG-PL,SG,SG,PL,bert,1.0145373,0.07314537890300113
russian,61,1,Лозунг из листовок с целью привлечения внимания был придуман,SG-PL-SG,SG,PL,SG,bert,0.942807,0.08490961161961998
russian,61,1,Лозунг из листовок с целью привлечения внимания были придуманы,SG-PL-PL,SG,PL,PL,bert,0.9971193,0.08310847660237561
russian,61,1,Лозунги из листовки с целью привлечения внимания был придуман,PL-SG-SG,PL,SG,SG,bert,0.90880823,0.06946406507013891
russian,61,1,Лозунги из листовки с целью привлечения внимания были придуманы,PL-SG-PL,PL,SG,PL,bert,1.0616307,0.048188559369760145
russian,61,1,Лозунги из листовок с целью привлечения внимания был придуман,PL-PL-SG,PL,PL,SG,bert,0.9163807,0.06671760242043595
russian,61,1,Лозунги из листовок с целью привлечения внимания были придуманы,PL-PL-PL,PL,PL,PL,bert,1.0462928,0.05482135551987124
russian,62,1,Массовка для съёмки из числа местных студентов была набрана,SG-SG-SG,SG,SG,SG,bert,1.0823691,0.08071254468905414
russian,62,1,Массовка для съёмки из числа местных студентов были набраны,SG-SG-PL,SG,SG,PL,bert,1.0878139,0.06746186626930549
russian,62,1,Массовка для съёмок из числа местных студентов была набрана,SG-PL-SG,SG,PL,SG,bert,1.0731884,0.09492335657311401
russian,62,1,Массовка для съёмок из числа местных студентов были набраны,SG-PL-PL,SG,PL,PL,bert,1.0787107,0.09409186954836972
russian,62,1,Массовки для съёмки из числа местных студентов была набрана,PL-SG-SG,PL,SG,SG,bert,1.0671253,0.05741167674660992
russian,62,1,Массовки для съёмки из числа местных студентов были набраны,PL-SG-PL,PL,SG,PL,bert,1.1445186,0.06719993385626183
russian,62,1,Массовки для съёмок из числа местных студентов была набрана,PL-PL-SG,PL,PL,SG,bert,1.0440552,0.07351860278799648
russian,62,1,Массовки для съёмок из числа местных студентов были набраны,PL-PL-PL,PL,PL,PL,bert,1.1279036,0.0950124835885898
russian,63,1,Материал для крыши из-за нарушения режима хранения был бракованным,SG-SG-SG,SG,SG,SG,bert,1.1028991,0.09721728293597633
russian,63,1,Материал для крыши из-за нарушения режима хранения были бракованными,SG-SG-PL,SG,SG,PL,bert,0.9651744,0.10143834324537707
russian,63,1,Материал для крыш из-за нарушения режима хранения был бракованным,SG-PL-SG,SG,PL,SG,bert,1.1514224,0.08792446855137906
russian,63,1,Материал для крыш из-за нарушения режима хранения были бракованными,SG-PL-PL,SG,PL,PL,bert,0.9864435,0.09764033270857689
russian,63,1,Материалы для крыши из-за нарушения режима хранения был бракованным,PL-SG-SG,PL,SG,SG,bert,1.1291814,0.0592197150790483
russian,63,1,Материалы для крыши из-за нарушения режима хранения были бракованными,PL-SG-PL,PL,SG,PL,bert,1.0110662,0.08643254877476789
russian,63,1,Материалы для крыш из-за нарушения режима хранения был бракованным,PL-PL-SG,PL,PL,SG,bert,1.1763577,0.04492713023595346
russian,63,1,Материалы для крыш из-за нарушения режима хранения были бракованными,PL-PL-PL,PL,PL,PL,bert,1.0423931,0.08229728900595035
russian,64,1,Мотор для лодки с учётом пожеланий рыбаков был заказан,SG-SG-SG,SG,SG,SG,bert,1.1871578,0.08870856030499127
russian,64,1,Мотор для лодки с учётом пожеланий рыбаков были заказаны,SG-SG-PL,SG,SG,PL,bert,1.094919,0.08216465760037578
russian,64,1,Мотор для лодок с учётом пожеланий рыбаков был заказан,SG-PL-SG,SG,PL,SG,bert,1.1811424,0.09564194490586421
russian,64,1,Мотор для лодок с учётом пожеланий рыбаков были заказаны,SG-PL-PL,SG,PL,PL,bert,1.088575,0.08986874718934934
russian,64,1,Моторы для лодки с учётом пожеланий рыбаков был заказан,PL-SG-SG,PL,SG,SG,bert,1.1789839,0.08438470279225906
russian,64,1,Моторы для лодки с учётом пожеланий рыбаков были заказаны,PL-SG-PL,PL,SG,PL,bert,1.2257303,0.08171192316004368
russian,64,1,Моторы для лодок с учётом пожеланий рыбаков был заказан,PL-PL-SG,PL,PL,SG,bert,1.1778936,0.08902904647265267
russian,64,1,Моторы для лодок с учётом пожеланий рыбаков были заказаны,PL-PL-PL,PL,PL,PL,bert,1.2136316,0.09271505218848008
russian,65,1,Мяч для игры для детских дошкольных учреждений был разработан,SG-SG-SG,SG,SG,SG,bert,1.1575204,0.07142510430149625
russian,65,1,Мяч для игры для детских дошкольных учреждений были разработаны,SG-SG-PL,SG,SG,PL,bert,1.1561342,0.04137756969791154
russian,65,1,Мяч для игр для детских дошкольных учреждений был разработан,SG-PL-SG,SG,PL,SG,bert,1.1587433,0.0709379495324508
russian,65,1,Мяч для игр для детских дошкольных учреждений были разработаны,SG-PL-PL,SG,PL,PL,bert,1.1394628,0.05082921373656859
russian,65,1,Мячи для игры для детских дошкольных учреждений был разработан,PL-SG-SG,PL,SG,SG,bert,1.1989226,0.0607917286796546
russian,65,1,Мячи для игры для детских дошкольных учреждений были разработаны,PL-SG-PL,PL,SG,PL,bert,1.1980096,0.07630741635003206
russian,65,1,Мячи для игр для детских дошкольных учреждений был разработан,PL-PL-SG,PL,PL,SG,bert,1.2034609,0.059259614373710565
russian,65,1,Мячи для игр для детских дошкольных учреждений были разработаны,PL-PL-PL,PL,PL,PL,bert,1.1854706,0.0831354114064054
russian,66,1,Перелом из-за падения из-за преклонного возраста альпиниста был тяжёлым,SG-SG-SG,SG,SG,SG,bert,1.0103495,0.13076913768197193
russian,66,1,Перелом из-за падения из-за преклонного возраста альпиниста были тяжёлыми,SG-SG-PL,SG,SG,PL,bert,0.95132554,0.07588142113555546
russian,66,1,Перелом из-за падений из-за преклонного возраста альпиниста был тяжёлым,SG-PL-SG,SG,PL,SG,bert,1.0304565,0.13084428392612044
russian,66,1,Перелом из-за падений из-за преклонного возраста альпиниста были тяжёлыми,SG-PL-PL,SG,PL,PL,bert,0.97351253,0.0786361773482644
russian,66,1,Переломы из-за падения из-за преклонного возраста альпиниста был тяжёлым,PL-SG-SG,PL,SG,SG,bert,1.0737312,0.07692823405714201
russian,66,1,Переломы из-за падения из-за преклонного возраста альпиниста были тяжёлыми,PL-SG-PL,PL,SG,PL,bert,1.0419031,0.09892668288730208
russian,66,1,Переломы из-за падений из-за преклонного возраста альпиниста был тяжёлым,PL-PL-SG,PL,PL,SG,bert,1.0827719,0.07893498404681282
russian,66,1,Переломы из-за падений из-за преклонного возраста альпиниста были тяжёлыми,PL-PL-PL,PL,PL,PL,bert,1.0350807,0.10781942935701551
russian,67,1,Пристань для яхты из-за высоких штормовых волн была мокрой,SG-SG-SG,SG,SG,SG,bert,1.079713,0.10916835864598462
russian,67,1,Пристань для яхты из-за высоких штормовых волн были мокрыми,SG-SG-PL,SG,SG,PL,bert,1.1208625,0.1002920832562389
russian,67,1,Пристань для яхт из-за высоких штормовых волн была мокрой,SG-PL-SG,SG,PL,SG,bert,1.0719292,0.11264607535855559
russian,67,1,Пристань для яхт из-за высоких штормовых волн были мокрыми,SG-PL-PL,SG,PL,PL,bert,1.1155277,0.1047128855944399
russian,67,1,Пристани для яхты из-за высоких штормовых волн была мокрой,PL-SG-SG,PL,SG,SG,bert,0.9875352,0.08945480136581836
russian,67,1,Пристани для яхты из-за высоких штормовых волн были мокрыми,PL-SG-PL,PL,SG,PL,bert,1.143163,0.07695601665033226
russian,67,1,Пристани для яхт из-за высоких штормовых волн была мокрой,PL-PL-SG,PL,PL,SG,bert,0.98067343,0.09218617944754359
russian,67,1,Пристани для яхт из-за высоких штормовых волн были мокрыми,PL-PL-PL,PL,PL,PL,bert,1.1289798,0.08575855864447286
russian,68,1,Пропуск из-за травмы с главным врачом команды был согласован,SG-SG-SG,SG,SG,SG,bert,1.0211465,0.07059280639609686
russian,68,1,Пропуск из-за травмы с главным врачом команды были согласованы,SG-SG-PL,SG,SG,PL,bert,1.0516142,0.03926366711693712
russian,68,1,Пропуск из-за травм с главным врачом команды был согласован,SG-PL-SG,SG,PL,SG,bert,1.015219,0.07860587383252234
russian,68,1,Пропуск из-за травм с главным врачом команды были согласованы,SG-PL-PL,SG,PL,PL,bert,1.0625749,0.06990902930619827
russian,68,1,Пропуски из-за травмы с главным врачом команды был согласован,PL-SG-SG,PL,SG,SG,bert,1.0101534,0.08853249472291862
russian,68,1,Пропуски из-за травмы с главным врачом команды были согласованы,PL-SG-PL,PL,SG,PL,bert,1.1488011,0.06268289798711679
russian,68,1,Пропуски из-за травм с главным врачом команды был согласован,PL-PL-SG,PL,PL,SG,bert,1.000632,0.09551613993285109
russian,68,1,Пропуски из-за травм с главным врачом команды были согласованы,PL-PL-PL,PL,PL,PL,bert,1.1554098,0.09524987042675871
russian,69,1,Рассказ об аварии для усиления эмоционального напряжения был приукрашен,SG-SG-SG,SG,SG,SG,bert,1.1711264,0.05822837695231209
russian,69,1,Рассказ об аварии для усиления эмоционального напряжения были приукрашены,SG-SG-PL,SG,SG,PL,bert,1.1566608,0.08497866119038414
russian,69,1,Рассказ об аварий для усиления эмоционального напряжения был приукрашен,SG-PL-SG,SG,PL,SG,bert,1.1711264,0.05822837695231209
russian,69,1,Рассказ об аварий для усиления эмоционального напряжения были приукрашены,SG-PL-PL,SG,PL,PL,bert,1.1566608,0.08497866119038414
russian,69,1,Рассказы об аварии для усиления эмоционального напряжения был приукрашен,PL-SG-SG,PL,SG,SG,bert,0.9820771,0.08021795728593616
russian,69,1,Рассказы об аварии для усиления эмоционального напряжения были приукрашены,PL-SG-PL,PL,SG,PL,bert,1.2026322,0.06228845540732095
russian,69,1,Рассказы об аварий для усиления эмоционального напряжения был приукрашен,PL-PL-SG,PL,PL,SG,bert,0.9820771,0.08021795728593616
russian,69,1,Рассказы об аварий для усиления эмоционального напряжения были приукрашены,PL-PL-PL,PL,PL,PL,bert,1.2026322,0.06228845540732095
russian,70,1,Репортаж для газеты после разрешения публичной огласки был написан,SG-SG-SG,SG,SG,SG,bert,1.0989056,0.09772505320785341
russian,70,1,Репортаж для газеты после разрешения публичной огласки были написаны,SG-SG-PL,SG,SG,PL,bert,1.0534807,0.08426880114056447
russian,70,1,Репортаж для газет после разрешения публичной огласки был написан,SG-PL-SG,SG,PL,SG,bert,1.0870577,0.09812023109733463
russian,70,1,Репортаж для газет после разрешения публичной огласки были написаны,SG-PL-PL,SG,PL,PL,bert,1.0484188,0.08470774706836132
russian,70,1,Репортажи для газеты после разрешения публичной огласки был написан,PL-SG-SG,PL,SG,SG,bert,1.0803719,0.10165732277853369
russian,70,1,Репортажи для газеты после разрешения публичной огласки были написаны,PL-SG-PL,PL,SG,PL,bert,1.1451889,0.10366091030764935
russian,70,1,Репортажи для газет после разрешения публичной огласки был написан,PL-PL-SG,PL,PL,SG,bert,1.0799501,0.09019956273298452
russian,70,1,Репортажи для газет после разрешения публичной огласки были написаны,PL-PL-PL,PL,PL,PL,bert,1.1281002,0.1012408605587476
russian,71,1,Скандал из-за статьи в глазах непосредственных участников был масштабным,SG-SG-SG,SG,SG,SG,bert,1.1116093,0.11260539615188266
russian,71,1,Скандал из-за статьи в глазах непосредственных участников были масштабными,SG-SG-PL,SG,SG,PL,bert,1.0843734,0.09763017485606724
russian,71,1,Скандал из-за статей в глазах непосредственных участников был масштабным,SG-PL-SG,SG,PL,SG,bert,1.1063238,0.11278280940021292
russian,71,1,Скандал из-за статей в глазах непосредственных участников были масштабными,SG-PL-PL,SG,PL,PL,bert,1.07074,0.10534959863744335
russian,71,1,Скандалы из-за статьи в глазах непосредственных участников был масштабным,PL-SG-SG,PL,SG,SG,bert,1.1075772,0.1109909200124783
russian,71,1,Скандалы из-за статьи в глазах непосредственных участников были масштабными,PL-SG-PL,PL,SG,PL,bert,1.1977243,0.09473725948513269
russian,71,1,Скандалы из-за статей в глазах непосредственных участников был масштабным,PL-PL-SG,PL,PL,SG,bert,1.1052248,0.10979108341466248
russian,71,1,Скандалы из-за статей в глазах непосредственных участников были масштабными,PL-PL-PL,PL,PL,PL,bert,1.1826807,0.10268511583607208
russian,72,1,Скидка от авиакомпании из-за недавнего крушения самолёта была беспрецедентной,SG-SG-SG,SG,SG,SG,bert,1.2237201,0.10942131294983487
russian,72,1,Скидка от авиакомпании из-за недавнего крушения самолёта были беспрецедентными,SG-SG-PL,SG,SG,PL,bert,1.193332,0.08982243496080067
russian,72,1,Скидка от авиакомпаний из-за недавнего крушения самолёта была беспрецедентной,SG-PL-SG,SG,PL,SG,bert,1.2237201,0.10942131294983487
russian,72,1,Скидка от авиакомпаний из-за недавнего крушения самолёта были беспрецедентными,SG-PL-PL,SG,PL,PL,bert,1.193332,0.08982243496080067
russian,72,1,Скидки от авиакомпании из-за недавнего крушения самолёта была беспрецедентной,PL-SG-SG,PL,SG,SG,bert,1.1742116,0.08163695713362837
russian,72,1,Скидки от авиакомпании из-за недавнего крушения самолёта были беспрецедентными,PL-SG-PL,PL,SG,PL,bert,1.3077719,0.07924833589053325
russian,72,1,Скидки от авиакомпаний из-за недавнего крушения самолёта была беспрецедентной,PL-PL-SG,PL,PL,SG,bert,1.1742116,0.08163695713362837
russian,72,1,Скидки от авиакомпаний из-за недавнего крушения самолёта были беспрецедентными,PL-PL-PL,PL,PL,PL,bert,1.3077719,0.07924833589053325
russian,73,1,Стекло для беседки из-за неосторожности пьяных грузчиков было разбито,SG-SG-SG,SG,SG,SG,bert,1.130878,0.08034186473840349
russian,73,1,Стекло для беседки из-за неосторожности пьяных грузчиков были разбиты,SG-SG-PL,SG,SG,PL,bert,1.0133818,0.09042473374794327
russian,73,1,Стекло для беседок из-за неосторожности пьяных грузчиков было разбито,SG-PL-SG,SG,PL,SG,bert,1.1296054,0.08372671983951818
russian,73,1,Стекло для беседок из-за неосторожности пьяных грузчиков были разбиты,SG-PL-PL,SG,PL,PL,bert,1.0090479,0.09431864055471237
russian,73,1,Стёкла для беседки из-за неосторожности пьяных грузчиков было разбито,PL-SG-SG,PL,SG,SG,bert,1.1294181,0.06456467763929226
russian,73,1,Стёкла для беседки из-за неосторожности пьяных грузчиков были разбиты,PL-SG-PL,PL,SG,PL,bert,1.1000134,0.07137141873931228
russian,73,1,Стёкла для беседок из-за неосторожности пьяных грузчиков было разбито,PL-PL-SG,PL,PL,SG,bert,1.1269128,0.06688984545595247
russian,73,1,Стёкла для беседок из-за неосторожности пьяных грузчиков были разбиты,PL-PL-PL,PL,PL,PL,bert,1.0939236,0.07649228901420314
russian,74,1,Стол для трапезы на залитую солнцем террасу был вынесен,SG-SG-SG,SG,SG,SG,bert,1.0199196,0.075035868535688
russian,74,1,Стол для трапезы на залитую солнцем террасу были вынесены,SG-SG-PL,SG,SG,PL,bert,0.97017545,0.07056129324915025
russian,74,1,Стол для трапез на залитую солнцем террасу был вынесен,SG-PL-SG,SG,PL,SG,bert,1.0176408,0.0754736891338373
russian,74,1,Стол для трапез на залитую солнцем террасу были вынесены,SG-PL-PL,SG,PL,PL,bert,0.9353,0.08067372841384095
russian,74,1,Столы для трапезы на залитую солнцем террасу был вынесен,PL-SG-SG,PL,SG,SG,bert,0.97919637,0.07573856298168695
russian,74,1,Столы для трапезы на залитую солнцем террасу были вынесены,PL-SG-PL,PL,SG,PL,bert,1.0391955,0.06764529949069317
russian,74,1,Столы для трапез на залитую солнцем террасу был вынесен,PL-PL-SG,PL,PL,SG,bert,0.97154856,0.07592540609406029
russian,74,1,Столы для трапез на залитую солнцем террасу были вынесены,PL-PL-PL,PL,PL,PL,bert,1.0122774,0.07316624712248206
russian,75,1,Сувенир для акции в фирменном магазине команды был выбран,SG-SG-SG,SG,SG,SG,bert,1.0553067,0.09222801321117005
russian,75,1,Сувенир для акции в фирменном магазине команды были выбраны,SG-SG-PL,SG,SG,PL,bert,1.1498734,0.04996747705148741
russian,75,1,Сувенир для акций в фирменном магазине команды был выбран,SG-PL-SG,SG,PL,SG,bert,1.0553067,0.09222801321117005
russian,75,1,Сувенир для акций в фирменном магазине команды были выбраны,SG-PL-PL,SG,PL,PL,bert,1.1498734,0.04996747705148741
russian,75,1,Сувениры для акции в фирменном магазине команды был выбран,PL-SG-SG,PL,SG,SG,bert,1.0553838,0.017392895896292726
russian,75,1,Сувениры для акции в фирменном магазине команды были выбраны,PL-SG-PL,PL,SG,PL,bert,1.168804,0.06728250663121385
russian,75,1,Сувениры для акций в фирменном магазине команды был выбран,PL-PL-SG,PL,PL,SG,bert,1.0553838,0.017392895896292726
russian,75,1,Сувениры для акций в фирменном магазине команды были выбраны,PL-PL-PL,PL,PL,PL,bert,1.168804,0.06728250663121385
russian,76,1,Тень от лампы на высоких сводах храма была видна,SG-SG-SG,SG,SG,SG,bert,0.8984232,0.08652346262994849
russian,76,1,Тень от лампы на высоких сводах храма были видны,SG-SG-PL,SG,SG,PL,bert,0.9387622,0.08883519764546514
russian,76,1,Тень от ламп на высоких сводах храма была видна,SG-PL-SG,SG,PL,SG,bert,0.90454054,0.08383500586210564
russian,76,1,Тень от ламп на высоких сводах храма были видны,SG-PL-PL,SG,PL,PL,bert,0.9478261,0.08816144618484704
russian,76,1,Тени от лампы на высоких сводах храма была видна,PL-SG-SG,PL,SG,SG,bert,0.8244792,0.07011466934919222
russian,76,1,Тени от лампы на высоких сводах храма были видны,PL-SG-PL,PL,SG,PL,bert,1.0062882,0.09274328006299991
russian,76,1,Тени от ламп на высоких сводах храма была видна,PL-PL-SG,PL,PL,SG,bert,0.82391393,0.07070937082860616
russian,76,1,Тени от ламп на высоких сводах храма были видны,PL-PL-PL,PL,PL,PL,bert,1.0204499,0.08902042771597979
russian,77,1,Товар с витрины по сильно сниженной цене был продан,SG-SG-SG,SG,SG,SG,bert,0.9469393,0.0832978004952181
russian,77,1,Товар с витрины по сильно сниженной цене были проданы,SG-SG-PL,SG,SG,PL,bert,1.0877326,0.05664702587674929
russian,77,1,Товар с витрин по сильно сниженной цене был продан,SG-PL-SG,SG,PL,SG,bert,0.9362815,0.08355934042300531
russian,77,1,Товар с витрин по сильно сниженной цене были проданы,SG-PL-PL,SG,PL,PL,bert,1.0521768,0.07136620074561334
russian,77,1,Товары с витрины по сильно сниженной цене был продан,PL-SG-SG,PL,SG,SG,bert,0.96292704,0.044953425408376296
russian,77,1,Товары с витрины по сильно сниженной цене были проданы,PL-SG-PL,PL,SG,PL,bert,1.1240147,0.04657451366168537
russian,77,1,Товары с витрин по сильно сниженной цене был продан,PL-PL-SG,PL,PL,SG,bert,0.9540722,0.05190848295747756
russian,77,1,Товары с витрин по сильно сниженной цене были проданы,PL-PL-PL,PL,PL,PL,bert,1.0981544,0.057707269954773446
russian,78,1,Условие для задачи из-за избытка ненужных фактов было запутанным,SG-SG-SG,SG,SG,SG,bert,1.1273247,0.1060985865085309
russian,78,1,Условие для задачи из-за избытка ненужных фактов были запутанными,SG-SG-PL,SG,SG,PL,bert,1.0335757,0.1029229941127913
russian,78,1,Условие для задач из-за избытка ненужных фактов было запутанным,SG-PL-SG,SG,PL,SG,bert,1.113037,0.10692602746241428
russian,78,1,Условие для задач из-за избытка ненужных фактов были запутанными,SG-PL-PL,SG,PL,PL,bert,1.0270405,0.10459497641466163
russian,78,1,Условия для задачи из-за избытка ненужных фактов было запутанным,PL-SG-SG,PL,SG,SG,bert,1.0397891,0.09557111916102771
russian,78,1,Условия для задачи из-за избытка ненужных фактов были запутанными,PL-SG-PL,PL,SG,PL,bert,1.1429641,0.11183179389204853
russian,78,1,Условия для задач из-за избытка ненужных фактов было запутанным,PL-PL-SG,PL,PL,SG,bert,1.0124404,0.0987703297973397
russian,78,1,Условия для задач из-за избытка ненужных фактов были запутанными,PL-PL-PL,PL,PL,PL,bert,1.1149913,0.12474131995472094
russian,79,1,Шаблон для таблицы для начинающих пользователей компьютера был удобным,SG-SG-SG,SG,SG,SG,bert,1.1066535,0.127424430369396
russian,79,1,Шаблон для таблицы для начинающих пользователей компьютера были удобными,SG-SG-PL,SG,SG,PL,bert,1.1484226,0.06193676963155654
russian,79,1,Шаблон для таблиц для начинающих пользователей компьютера был удобным,SG-PL-SG,SG,PL,SG,bert,1.100766,0.10849425570640009
russian,79,1,Шаблон для таблиц для начинающих пользователей компьютера были удобными,SG-PL-PL,SG,PL,PL,bert,1.1482394,0.06984767836577695
russian,79,1,Шаблоны для таблицы для начинающих пользователей компьютера был удобным,PL-SG-SG,PL,SG,SG,bert,1.1022329,0.04766451863453643
russian,79,1,Шаблоны для таблицы для начинающих пользователей компьютера были удобными,PL-SG-PL,PL,SG,PL,bert,1.151608,0.08260853899199463
russian,79,1,Шаблоны для таблиц для начинающих пользователей компьютера был удобным,PL-PL-SG,PL,PL,SG,bert,1.1043974,0.04359436446804577
russian,79,1,Шаблоны для таблиц для начинающих пользователей компьютера были удобными,PL-PL-PL,PL,PL,PL,bert,1.1578437,0.08406295009205102
russian,80,1,Шрам после операции с помощью медицинского лазера был удалён,SG-SG-SG,SG,SG,SG,bert,1.1383412,0.08079512794140781
russian,80,1,Шрам после операции с помощью медицинского лазера были удалены,SG-SG-PL,SG,SG,PL,bert,1.0092756,0.0734663687111644
russian,80,1,Шрам после операций с помощью медицинского лазера был удалён,SG-PL-SG,SG,PL,SG,bert,1.1383412,0.08079512794140781
russian,80,1,Шрам после операций с помощью медицинского лазера были удалены,SG-PL-PL,SG,PL,PL,bert,1.0092756,0.0734663687111644
russian,80,1,Шрамы после операции с помощью медицинского лазера был удалён,PL-SG-SG,PL,SG,SG,bert,1.1358277,0.05664100747157817
russian,80,1,Шрамы после операции с помощью медицинского лазера были удалены,PL-SG-PL,PL,SG,PL,bert,1.142477,0.07749424567044161
russian,80,1,Шрамы после операций с помощью медицинского лазера был удалён,PL-PL-SG,PL,PL,SG,bert,1.1358277,0.05664100747157817
russian,80,1,Шрамы после операций с помощью медицинского лазера были удалены,PL-PL-PL,PL,PL,PL,bert,1.142477,0.07749424567044161
russian,1,0,Абонемент на концерт был дорогим из-за участия популярных артистов,SG-SG-SG,SG,SG,SG,gpt2,0.90200216,0.0792961353831288
russian,1,0,Абонемент на концерт были дорогими из-за участия популярных артистов,SG-SG-PL,SG,SG,PL,gpt2,0.96149236,0.07461496062278455
russian,1,0,Абонемент на концерты был дорогим из-за участия популярных артистов,SG-PL-SG,SG,PL,SG,gpt2,0.8951866,0.09028801995873437
russian,1,0,Абонемент на концерты были дорогими из-за участия популярных артистов,SG-PL-PL,SG,PL,PL,gpt2,0.9843971,-0.0036197835466737494
russian,1,0,Абонементы на концерт был дорогим из-за участия популярных артистов,PL-SG-SG,PL,SG,SG,gpt2,1.1355801,0.012817147147734409
russian,1,0,Абонементы на концерт были дорогими из-за участия популярных артистов,PL-SG-PL,PL,SG,PL,gpt2,1.0051944,0.04817352327536356
russian,1,0,Абонементы на концерты был дорогим из-за участия популярных артистов,PL-PL-SG,PL,PL,SG,gpt2,1.083944,0.052340432453411245
russian,1,0,Абонементы на концерты были дорогими из-за участия популярных артистов,PL-PL-PL,PL,PL,PL,gpt2,1.0330207,0.009041747811443235
russian,2,0,Анекдот про экзамен для строгого пожилого учителя был обидным,SG-SG-SG,SG,SG,SG,gpt2,1.2899946,0.2770769423859686
russian,2,0,Анекдот про экзамен для строгого пожилого учителя были обидными,SG-SG-PL,SG,SG,PL,gpt2,1.317962,0.2785180735387276
russian,2,0,Анекдот про экзамены для строгого пожилого учителя был обидным,SG-PL-SG,SG,PL,SG,gpt2,1.2588195,0.2982677338848599
russian,2,0,Анекдот про экзамены для строгого пожилого учителя были обидными,SG-PL-PL,SG,PL,PL,gpt2,1.3409537,0.14126911727225683
russian,2,0,Анекдоты про экзамен для строгого пожилого учителя был обидным,PL-SG-SG,PL,SG,SG,gpt2,1.3898036,0.2562489460620411
russian,2,0,Анекдоты про экзамен для строгого пожилого учителя были обидными,PL-SG-PL,PL,SG,PL,gpt2,1.1315962,0.2970978125494017
russian,2,0,Анекдоты про экзамены для строгого пожилого учителя был обидным,PL-PL-SG,PL,PL,SG,gpt2,1.3516665,0.2867112389662615
russian,2,0,Анекдоты про экзамены для строгого пожилого учителя были обидными,PL-PL-PL,PL,PL,PL,gpt2,1.1568499,0.2651758491330796
russian,3,0,Арка во двор в несущей конструкции здания была проделана,SG-SG-SG,SG,SG,SG,gpt2,1.3357868,0.13343648765683316
russian,3,0,Арка во двор в несущей конструкции здания были проделаны,SG-SG-PL,SG,SG,PL,gpt2,1.3165749,0.11532342603757843
russian,3,0,Арка во дворы в несущей конструкции здания была проделана,SG-PL-SG,SG,PL,SG,gpt2,1.3686777,0.10138225692062611
russian,3,0,Арка во дворы в несущей конструкции здания были проделаны,SG-PL-PL,SG,PL,PL,gpt2,1.3550057,-0.028495606062503148
russian,3,0,Арки во двор в несущей конструкции здания была проделана,PL-SG-SG,PL,SG,SG,gpt2,1.3091577,0.14756939534151475
russian,3,0,Арки во двор в несущей конструкции здания были проделаны,PL-SG-PL,PL,SG,PL,gpt2,1.3509862,0.14109210278927833
russian,3,0,Арки во дворы в несущей конструкции здания была проделана,PL-PL-SG,PL,PL,SG,gpt2,1.3440549,0.12191961208802783
russian,3,0,Арки во дворы в несущей конструкции здания были проделаны,PL-PL-PL,PL,PL,PL,gpt2,1.3948961,0.008181205048146012
russian,4,0,Атака на крепость из-за стратегической ошибки полководца была безуспешной,SG-SG-SG,SG,SG,SG,gpt2,1.2223448,0.27347617197149315
russian,4,0,Атака на крепость из-за стратегической ошибки полководца были безуспешными,SG-SG-PL,SG,SG,PL,gpt2,1.3348815,0.25373456288930696
russian,4,0,Атака на крепости из-за стратегической ошибки полководца была безуспешной,SG-PL-SG,SG,PL,SG,gpt2,1.2043027,0.30633005780411104
russian,4,0,Атака на крепости из-за стратегической ошибки полководца были безуспешными,SG-PL-PL,SG,PL,PL,gpt2,1.3705114,0.24598308628608453
russian,4,0,Атаки на крепость из-за стратегической ошибки полководца была безуспешной,PL-SG-SG,PL,SG,SG,gpt2,1.377004,0.13558555891999224
russian,4,0,Атаки на крепость из-за стратегической ошибки полководца были безуспешными,PL-SG-PL,PL,SG,PL,gpt2,1.3574778,0.2280683391819066
russian,4,0,Атаки на крепости из-за стратегической ошибки полководца была безуспешной,PL-PL-SG,PL,PL,SG,gpt2,1.3836269,0.17448991962265437
russian,4,0,Атаки на крепости из-за стратегической ошибки полководца были безуспешными,PL-PL-PL,PL,PL,PL,gpt2,1.4212545,0.20438480981158086
russian,5,0,Билет в музей во время уличной демонстрации был утерян,SG-SG-SG,SG,SG,SG,gpt2,1.0676472,0.3004734043422127
russian,5,0,Билет в музей во время уличной демонстрации были утеряны,SG-SG-PL,SG,SG,PL,gpt2,1.0749968,0.28137937017045367
russian,5,0,Билет в музеи во время уличной демонстрации был утерян,SG-PL-SG,SG,PL,SG,gpt2,1.0868199,0.3216647139227863
russian,5,0,Билет в музеи во время уличной демонстрации были утеряны,SG-PL-PL,SG,PL,PL,gpt2,1.1744316,0.2507763806376239
russian,5,0,Билеты в музей во время уличной демонстрации был утерян,PL-SG-SG,PL,SG,SG,gpt2,1.121883,0.2905470873937036
russian,5,0,Билеты в музей во время уличной демонстрации были утеряны,PL-SG-PL,PL,SG,PL,gpt2,1.0305102,0.29989608228853015
russian,5,0,Билеты в музеи во время уличной демонстрации был утерян,PL-PL-SG,PL,PL,SG,gpt2,1.1072732,0.3206697461007618
russian,5,0,Билеты в музеи во время уличной демонстрации были утеряны,PL-PL-PL,PL,PL,PL,gpt2,1.0884993,0.3033703991332487
russian,6,0,Взгляд на снимок из-под длинных опущенных ресниц был брошен,SG-SG-SG,SG,SG,SG,gpt2,1.3300258,0.2551492180514899
russian,6,0,Взгляд на снимок из-под длинных опущенных ресниц были брошены,SG-SG-PL,SG,SG,PL,gpt2,1.3439586,0.23325394453844303
russian,6,0,Взгляд на снимки из-под длинных опущенных ресниц был брошен,SG-PL-SG,SG,PL,SG,gpt2,1.2769046,0.28580836653489006
russian,6,0,Взгляд на снимки из-под длинных опущенных ресниц были брошены,SG-PL-PL,SG,PL,PL,gpt2,1.3897637,0.1360124108486807
russian,6,0,Взгляды на снимок из-под длинных опущенных ресниц был брошен,PL-SG-SG,PL,SG,SG,gpt2,1.2641605,0.27516871477092825
russian,6,0,Взгляды на снимок из-под длинных опущенных ресниц были брошены,PL-SG-PL,PL,SG,PL,gpt2,1.1178814,0.28923833454867537
russian,6,0,Взгляды на снимки из-под длинных опущенных ресниц был брошен,PL-PL-SG,PL,PL,SG,gpt2,1.1933489,0.3263260832023674
russian,6,0,Взгляды на снимки из-под длинных опущенных ресниц были брошены,PL-PL-PL,PL,PL,PL,gpt2,1.153298,0.26082076215880984
russian,7,0,Возражение на упрёк без излишне бурных эмоций было принято,SG-SG-SG,SG,SG,SG,gpt2,1.1271068,0.321877687225336
russian,7,0,Возражение на упрёк без излишне бурных эмоций были приняты,SG-SG-PL,SG,SG,PL,gpt2,1.2441244,0.274444215363131
russian,7,0,Возражение на упреки без излишне бурных эмоций было принято,SG-PL-SG,SG,PL,SG,gpt2,1.1645035,0.3149826636331543
russian,7,0,Возражение на упреки без излишне бурных эмоций были приняты,SG-PL-PL,SG,PL,PL,gpt2,1.3220344,0.14829006990316673
russian,7,0,Возражения на упрёк без излишне бурных эмоций было принято,PL-SG-SG,PL,SG,SG,gpt2,1.2565395,0.30016187749903944
russian,7,0,Возражения на упрёк без излишне бурных эмоций были приняты,PL-SG-PL,PL,SG,PL,gpt2,1.1296442,0.30019221090451337
russian,7,0,Возражения на упреки без излишне бурных эмоций было принято,PL-PL-SG,PL,PL,SG,gpt2,1.2963947,0.2928981581247637
russian,7,0,Возражения на упреки без излишне бурных эмоций были приняты,PL-PL-PL,PL,PL,PL,gpt2,1.1943767,0.2574918042872131
russian,8,0,Выстрел в цель из-за сбитого прицела ружья был неточным,SG-SG-SG,SG,SG,SG,gpt2,1.1412119,0.35657489093556677
russian,8,0,Выстрел в цель из-за сбитого прицела ружья были неточными,SG-SG-PL,SG,SG,PL,gpt2,1.1012629,0.35585984008031285
russian,8,0,Выстрел в цели из-за сбитого прицела ружья был неточным,SG-PL-SG,SG,PL,SG,gpt2,1.1255916,0.3622027899415706
russian,8,0,Выстрел в цели из-за сбитого прицела ружья были неточными,SG-PL-PL,SG,PL,PL,gpt2,1.1409671,0.3121038482050962
russian,8,0,Выстрелы в цель из-за сбитого прицела ружья был неточным,PL-SG-SG,PL,SG,SG,gpt2,1.1948727,0.33218817788308985
russian,8,0,Выстрелы в цель из-за сбитого прицела ружья были неточными,PL-SG-PL,PL,SG,PL,gpt2,1.0663502,0.3641243322741649
russian,8,0,Выстрелы в цели из-за сбитого прицела ружья был неточным,PL-PL-SG,PL,PL,SG,gpt2,1.1696749,0.342732528741602
russian,8,0,Выстрелы в цели из-за сбитого прицела ружья были неточными,PL-PL-PL,PL,PL,PL,gpt2,1.0767696,0.3552973971162096
russian,9,0,Дорога через лес для снабжения людей провизией была проложена,SG-SG-SG,SG,SG,SG,gpt2,1.2057673,0.3072594210239283
russian,9,0,Дорога через лес для снабжения людей провизией были проложены,SG-SG-PL,SG,SG,PL,gpt2,1.3118773,0.25877681338074277
russian,9,0,Дорога через леса для снабжения людей провизией была проложена,SG-PL-SG,SG,PL,SG,gpt2,1.2252123,0.29901221172279996
russian,9,0,Дорога через леса для снабжения людей провизией были проложены,SG-PL-PL,SG,PL,PL,gpt2,1.3360782,0.23804878429676823
russian,9,0,Дороги через лес для снабжения людей провизией была проложена,PL-SG-SG,PL,SG,SG,gpt2,1.2663008,0.22419337166747655
russian,9,0,Дороги через лес для снабжения людей провизией были проложены,PL-SG-PL,PL,SG,PL,gpt2,1.2426106,0.2782148075493968
russian,9,0,Дороги через леса для снабжения людей провизией была проложена,PL-PL-SG,PL,PL,SG,gpt2,1.2477958,0.21633706917774959
russian,9,0,Дороги через леса для снабжения людей провизией были проложены,PL-PL-PL,PL,PL,PL,gpt2,1.263333,0.2641866130776664
russian,10,0,Жалоба на боль из-за нарушения дыхания пациента была тихой,SG-SG-SG,SG,SG,SG,gpt2,0.9637701,0.37111274309280157
russian,10,0,Жалоба на боль из-за нарушения дыхания пациента были тихими,SG-SG-PL,SG,SG,PL,gpt2,1.0381715,0.34878834160103694
russian,10,0,Жалоба на боли из-за нарушения дыхания пациента была тихой,SG-PL-SG,SG,PL,SG,gpt2,0.9648267,0.37095583185758857
russian,10,0,Жалоба на боли из-за нарушения дыхания пациента были тихими,SG-PL-PL,SG,PL,PL,gpt2,1.0761654,0.316715269962353
russian,10,0,Жалобы на боль из-за нарушения дыхания пациента была тихой,PL-SG-SG,PL,SG,SG,gpt2,1.0348603,0.34560253004378105
russian,10,0,Жалобы на боль из-за нарушения дыхания пациента были тихими,PL-SG-PL,PL,SG,PL,gpt2,0.99865305,0.3578087263411515
russian,10,0,Жалобы на боли из-за нарушения дыхания пациента была тихой,PL-PL-SG,PL,PL,SG,gpt2,1.02754,0.353204903118523
russian,10,0,Жалобы на боли из-за нарушения дыхания пациента были тихими,PL-PL-PL,PL,PL,PL,gpt2,1.0331192,0.32746100109651727
russian,11,0,История про убийство в присутствии маленьких детей была рассказана,SG-SG-SG,SG,SG,SG,gpt2,0.9182056,0.19422173492377795
russian,11,0,История про убийство в присутствии маленьких детей были рассказаны,SG-SG-PL,SG,SG,PL,gpt2,1.038275,0.15911931508264915
russian,11,0,История про убийства в присутствии маленьких детей была рассказана,SG-PL-SG,SG,PL,SG,gpt2,0.9263921,0.20064328073216442
russian,11,0,История про убийства в присутствии маленьких детей были рассказаны,SG-PL-PL,SG,PL,PL,gpt2,1.0822685,0.08678689965593164
russian,11,0,Истории про убийство в присутствии маленьких детей была рассказана,PL-SG-SG,PL,SG,SG,gpt2,1.2307601,0.2226906515855536
russian,11,0,Истории про убийство в присутствии маленьких детей были рассказаны,PL-SG-PL,PL,SG,PL,gpt2,1.140381,0.23477611998660172
russian,11,0,Истории про убийства в присутствии маленьких детей была рассказана,PL-PL-SG,PL,PL,SG,gpt2,1.2405517,0.2344458219077765
russian,11,0,Истории про убийства в присутствии маленьких детей были рассказаны,PL-PL-PL,PL,PL,PL,gpt2,1.1796029,0.22455457114317
russian,12,0,Кредит на участок из-за высокой стоимости земли был долгосрочным,SG-SG-SG,SG,SG,SG,gpt2,1.133112,0.28111905413778404
russian,12,0,Кредит на участок из-за высокой стоимости земли были долгосрочными,SG-SG-PL,SG,SG,PL,gpt2,1.1448168,0.2683927761068539
russian,12,0,Кредит на участки из-за высокой стоимости земли был долгосрочным,SG-PL-SG,SG,PL,SG,gpt2,1.0950747,0.32071317074387756
russian,12,0,Кредит на участки из-за высокой стоимости земли были долгосрочными,SG-PL-PL,SG,PL,PL,gpt2,1.1861112,0.24197322048956973
russian,12,0,Кредиты на участок из-за высокой стоимости земли был долгосрочным,PL-SG-SG,PL,SG,SG,gpt2,1.2470864,0.2560008468174688
russian,12,0,Кредиты на участок из-за высокой стоимости земли были долгосрочными,PL-SG-PL,PL,SG,PL,gpt2,1.0671281,0.3080981199832392
russian,12,0,Кредиты на участки из-за высокой стоимости земли был долгосрочным,PL-PL-SG,PL,PL,SG,gpt2,1.187809,0.3191534669047256
russian,12,0,Кредиты на участки из-за высокой стоимости земли были долгосрочными,PL-PL-PL,PL,PL,PL,gpt2,1.0891726,0.298953324190315
russian,13,0,Кружево на наряд в вышитый шелковый мешочек было упаковано,SG-SG-SG,SG,SG,SG,gpt2,1.0964892,0.3152623054719172
russian,13,0,Кружево на наряд в вышитый шелковый мешочек были упакованы,SG-SG-PL,SG,SG,PL,gpt2,1.0593684,0.2748474173062807
russian,13,0,Кружево на наряды в вышитый шелковый мешочек было упаковано,SG-PL-SG,SG,PL,SG,gpt2,1.1251446,0.309000471773541
russian,13,0,Кружево на наряды в вышитый шелковый мешочек были упакованы,SG-PL-PL,SG,PL,PL,gpt2,1.1432102,0.2247564083760297
russian,13,0,Кружева на наряд в вышитый шелковый мешочек было упаковано,PL-SG-SG,PL,SG,SG,gpt2,1.1065986,0.28178409958629463
russian,13,0,Кружева на наряд в вышитый шелковый мешочек были упакованы,PL-SG-PL,PL,SG,PL,gpt2,1.1197895,0.27474589808830296
russian,13,0,Кружева на наряды в вышитый шелковый мешочек было упаковано,PL-PL-SG,PL,PL,SG,gpt2,1.1366065,0.27522174505560887
russian,13,0,Кружева на наряды в вышитый шелковый мешочек были упакованы,PL-PL-PL,PL,PL,PL,gpt2,1.1959959,0.22512369805779134
russian,14,0,Легенда про замок в старинной летописи графства была записана,SG-SG-SG,SG,SG,SG,gpt2,1.0697995,0.24053338397640264
russian,14,0,Легенда про замок в старинной летописи графства были записаны,SG-SG-PL,SG,SG,PL,gpt2,1.2728035,0.1862097348479922
russian,14,0,Легенда про замки в старинной летописи графства была записана,SG-PL-SG,SG,PL,SG,gpt2,1.0666269,0.24947576610477748
russian,14,0,Легенда про замки в старинной летописи графства были записаны,SG-PL-PL,SG,PL,PL,gpt2,1.3151225,0.1449492396440661
russian,14,0,Легенды про замок в старинной летописи графства была записана,PL-SG-SG,PL,SG,SG,gpt2,1.281085,0.20938142299233048
russian,14,0,Легенды про замок в старинной летописи графства были записаны,PL-SG-PL,PL,SG,PL,gpt2,1.0802114,0.262307323039421
russian,14,0,Легенды про замки в старинной летописи графства была записана,PL-PL-SG,PL,PL,SG,gpt2,1.2825854,0.21858189934328587
russian,14,0,Легенды про замки в старинной летописи графства были записаны,PL-PL-PL,PL,PL,PL,gpt2,1.1091621,0.25645149076666685
russian,15,0,Лестница в подвал из-за отсутствия свободного места была крутой,SG-SG-SG,SG,SG,SG,gpt2,1.2528598,0.30797018049445396
russian,15,0,Лестница в подвал из-за отсутствия свободного места были крутыми,SG-SG-PL,SG,SG,PL,gpt2,1.3184426,0.2524584791201847
russian,15,0,Лестница в подвалы из-за отсутствия свободного места была крутой,SG-PL-SG,SG,PL,SG,gpt2,1.2906978,0.28999014274527796
russian,15,0,Лестница в подвалы из-за отсутствия свободного места были крутыми,SG-PL-PL,SG,PL,PL,gpt2,1.4084423,0.11106330651646608
russian,15,0,Лестницы в подвал из-за отсутствия свободного места была крутой,PL-SG-SG,PL,SG,SG,gpt2,1.2347912,0.30259225928603134
russian,15,0,Лестницы в подвал из-за отсутствия свободного места были крутыми,PL-SG-PL,PL,SG,PL,gpt2,1.226125,0.2829267751785974
russian,15,0,Лестницы в подвалы из-за отсутствия свободного места была крутой,PL-PL-SG,PL,PL,SG,gpt2,1.2755035,0.27974997161561577
russian,15,0,Лестницы в подвалы из-за отсутствия свободного места были крутыми,PL-PL-PL,PL,PL,PL,gpt2,1.3484179,0.19906559428704737
russian,16,0,Мост через овраг после окончания военных действий был возведен,SG-SG-SG,SG,SG,SG,gpt2,1.256053,0.24935188057734053
russian,16,0,Мост через овраг после окончания военных действий были возведены,SG-SG-PL,SG,SG,PL,gpt2,1.2040075,0.2701970883496557
russian,16,0,Мост через овраги после окончания военных действий был возведен,SG-PL-SG,SG,PL,SG,gpt2,1.2204176,0.2783218226897901
russian,16,0,Мост через овраги после окончания военных действий были возведены,SG-PL-PL,SG,PL,PL,gpt2,1.2620689,0.22333854891493843
russian,16,0,Мосты через овраг после окончания военных действий был возведен,PL-SG-SG,PL,SG,SG,gpt2,1.2664175,0.1972376636726345
russian,16,0,Мосты через овраг после окончания военных действий были возведены,PL-SG-PL,PL,SG,PL,gpt2,1.2299287,0.2499724686602576
russian,16,0,Мосты через овраги после окончания военных действий был возведен,PL-PL-SG,PL,PL,SG,gpt2,1.1954994,0.2561552111789652
russian,16,0,Мосты через овраги после окончания военных действий были возведены,PL-PL-PL,PL,PL,PL,gpt2,1.2706536,0.2273039994500259
russian,17,0,Налог на доход из-за смены политического курса был повышен,SG-SG-SG,SG,SG,SG,gpt2,1.0928801,0.31331206810978607
russian,17,0,Налог на доход из-за смены политического курса были повышены,SG-SG-PL,SG,SG,PL,gpt2,1.1723951,0.2990874377338912
russian,17,0,Налог на доходы из-за смены политического курса был повышен,SG-PL-SG,SG,PL,SG,gpt2,1.07565,0.3136934311131597
russian,17,0,Налог на доходы из-за смены политического курса были повышены,SG-PL-PL,SG,PL,PL,gpt2,1.1834056,0.2756286038814267
russian,17,0,Налоги на доход из-за смены политического курса был повышен,PL-SG-SG,PL,SG,SG,gpt2,1.1899449,0.2811762262930456
russian,17,0,Налоги на доход из-за смены политического курса были повышены,PL-SG-PL,PL,SG,PL,gpt2,1.11718,0.2765003319613861
russian,17,0,Налоги на доходы из-за смены политического курса был повышен,PL-PL-SG,PL,PL,SG,gpt2,1.1451482,0.2967287782644579
russian,17,0,Налоги на доходы из-за смены политического курса были повышены,PL-PL-PL,PL,PL,PL,gpt2,1.1263906,0.2620248304406694
russian,18,0,Нападение на банк с применением холодного оружия было совершено,SG-SG-SG,SG,SG,SG,gpt2,0.96131057,0.37368374041041647
russian,18,0,Нападение на банк с применением холодного оружия были совершены,SG-SG-PL,SG,SG,PL,gpt2,0.9676992,0.3412996041226421
russian,18,0,Нападение на банки с применением холодного оружия было совершено,SG-PL-SG,SG,PL,SG,gpt2,0.96150005,0.3730698013200424
russian,18,0,Нападение на банки с применением холодного оружия были совершены,SG-PL-PL,SG,PL,PL,gpt2,0.9972315,0.3236503760082257
russian,18,0,Нападения на банк с применением холодного оружия было совершено,PL-SG-SG,PL,SG,SG,gpt2,1.0413995,0.34631823498418157
russian,18,0,Нападения на банк с применением холодного оружия были совершены,PL-SG-PL,PL,SG,PL,gpt2,1.0092663,0.3405666222463566
russian,18,0,Нападения на банки с применением холодного оружия было совершено,PL-PL-SG,PL,PL,SG,gpt2,1.0223236,0.3469854242737711
russian,18,0,Нападения на банки с применением холодного оружия были совершены,PL-PL-PL,PL,PL,PL,gpt2,1.0246751,0.3241746624240506
russian,19,0,Окно в сад из-за сильного холодного ветра было закрыто,SG-SG-SG,SG,SG,SG,gpt2,1.2077162,0.3117519271405004
russian,19,0,Окно в сад из-за сильного холодного ветра были закрыты,SG-SG-PL,SG,SG,PL,gpt2,1.2514639,0.28419577381126077
russian,19,0,Окно в сады из-за сильного холодного ветра было закрыто,SG-PL-SG,SG,PL,SG,gpt2,1.2216051,0.28929795648020007
russian,19,0,Окно в сады из-за сильного холодного ветра были закрыты,SG-PL-PL,SG,PL,PL,gpt2,1.3396957,0.16734814826125072
russian,19,0,Окна в сад из-за сильного холодного ветра было закрыто,PL-SG-SG,PL,SG,SG,gpt2,1.2317241,0.2835400414143657
russian,19,0,Окна в сад из-за сильного холодного ветра были закрыты,PL-SG-PL,PL,SG,PL,gpt2,1.1990063,0.2951700360817487
russian,19,0,Окна в сады из-за сильного холодного ветра было закрыто,PL-PL-SG,PL,PL,SG,gpt2,1.2419939,0.26310779914586047
russian,19,0,Окна в сады из-за сильного холодного ветра были закрыты,PL-PL-PL,PL,PL,PL,gpt2,1.2912347,0.1813757092709975
russian,20,0,Ответ на вопрос из-за недостаточного знания материала был неверным,SG-SG-SG,SG,SG,SG,gpt2,1.1324383,0.15054070402167705
russian,20,0,Ответ на вопрос из-за недостаточного знания материала были неверными,SG-SG-PL,SG,SG,PL,gpt2,1.2139661,0.1779356954224025
russian,20,0,Ответ на вопросы из-за недостаточного знания материала был неверным,SG-PL-SG,SG,PL,SG,gpt2,1.0861901,0.18554867757164975
russian,20,0,Ответ на вопросы из-за недостаточного знания материала были неверными,SG-PL-PL,SG,PL,PL,gpt2,1.2117071,0.1234457688458888
russian,20,0,Ответы на вопрос из-за недостаточного знания материала был неверным,PL-SG-SG,PL,SG,SG,gpt2,1.1626601,0.23935867452709933
russian,20,0,Ответы на вопрос из-за недостаточного знания материала были неверными,PL-SG-PL,PL,SG,PL,gpt2,1.2155333,0.297757971216476
russian,20,0,Ответы на вопросы из-за недостаточного знания материала был неверным,PL-PL-SG,PL,PL,SG,gpt2,1.0922073,0.3151979804239121
russian,20,0,Ответы на вопросы из-за недостаточного знания материала были неверными,PL-PL-PL,PL,PL,PL,gpt2,1.2376628,0.257552665711333
russian,21,0,Очередь в театр из-за большого наплыва туристов была бесконечной,SG-SG-SG,SG,SG,SG,gpt2,1.1432416,0.3217298417178173
russian,21,0,Очередь в театр из-за большого наплыва туристов были бесконечными,SG-SG-PL,SG,SG,PL,gpt2,1.3112085,0.25144371815225597
russian,21,0,Очередь в театры из-за большого наплыва туристов была бесконечной,SG-PL-SG,SG,PL,SG,gpt2,1.1514667,0.3274132478963371
russian,21,0,Очередь в театры из-за большого наплыва туристов были бесконечными,SG-PL-PL,SG,PL,PL,gpt2,1.3500172,0.23887750301915547
russian,21,0,Очереди в театр из-за большого наплыва туристов была бесконечной,PL-SG-SG,PL,SG,SG,gpt2,1.3258773,0.25466222841457586
russian,21,0,Очереди в театр из-за большого наплыва туристов были бесконечными,PL-SG-PL,PL,SG,PL,gpt2,1.2826124,0.24235425787297177
russian,21,0,Очереди в театры из-за большого наплыва туристов была бесконечной,PL-PL-SG,PL,PL,SG,gpt2,1.3204093,0.2764563935297862
russian,21,0,Очереди в театры из-за большого наплыва туристов были бесконечными,PL-PL-PL,PL,PL,PL,gpt2,1.3150606,0.24735016173394836
russian,22,0,Переправа через ручей из-за тяжёлых погодных условий была опасной,SG-SG-SG,SG,SG,SG,gpt2,1.2044041,0.3468723615868182
russian,22,0,Переправа через ручей из-за тяжёлых погодных условий были опасными,SG-SG-PL,SG,SG,PL,gpt2,1.2685348,0.31403541708311844
russian,22,0,Переправа через ручьи из-за тяжёлых погодных условий была опасной,SG-PL-SG,SG,PL,SG,gpt2,1.1989033,0.34898661937486747
russian,22,0,Переправа через ручьи из-за тяжёлых погодных условий были опасными,SG-PL-PL,SG,PL,PL,gpt2,1.301275,0.3086613302572964
russian,22,0,Переправы через ручей из-за тяжёлых погодных условий была опасной,PL-SG-SG,PL,SG,SG,gpt2,1.252825,0.3434666735933774
russian,22,0,Переправы через ручей из-за тяжёлых погодных условий были опасными,PL-SG-PL,PL,SG,PL,gpt2,1.1988542,0.3222646506180709
russian,22,0,Переправы через ручьи из-за тяжёлых погодных условий была опасной,PL-PL-SG,PL,PL,SG,gpt2,1.2511415,0.3492762590136252
russian,22,0,Переправы через ручьи из-за тяжёлых погодных условий были опасными,PL-PL-PL,PL,PL,PL,gpt2,1.2297996,0.3209291529935143
russian,23,0,Песня про поезд для большинства отставных машинистов была грустной,SG-SG-SG,SG,SG,SG,gpt2,1.2263376,0.30497898572843196
russian,23,0,Песня про поезд для большинства отставных машинистов были грустными,SG-SG-PL,SG,SG,PL,gpt2,1.3931735,0.27270801449752924
russian,23,0,Песня про поезда для большинства отставных машинистов была грустной,SG-PL-SG,SG,PL,SG,gpt2,1.2312472,0.3095427813430299
russian,23,0,Песня про поезда для большинства отставных машинистов были грустными,SG-PL-PL,SG,PL,PL,gpt2,1.4165401,0.2647621627709092
russian,23,0,Песни про поезд для большинства отставных машинистов была грустной,PL-SG-SG,PL,SG,SG,gpt2,1.3077959,0.29845232237809904
russian,23,0,Песни про поезд для большинства отставных машинистов были грустными,PL-SG-PL,PL,SG,PL,gpt2,1.3687608,0.27986475653739107
russian,23,0,Песни про поезда для большинства отставных машинистов была грустной,PL-PL-SG,PL,PL,SG,gpt2,1.3079641,0.3019445527865622
russian,23,0,Песни про поезда для большинства отставных машинистов были грустными,PL-PL-PL,PL,PL,PL,gpt2,1.3909653,0.27455465044393684
russian,24,0,Письмо про поход из маленького сибирского посёлка было отправлено,SG-SG-SG,SG,SG,SG,gpt2,1.0605028,0.3363694570569521
russian,24,0,Письмо про поход из маленького сибирского посёлка были отправлены,SG-SG-PL,SG,SG,PL,gpt2,1.1304982,0.2976941797002198
russian,24,0,Письмо про походы из маленького сибирского посёлка было отправлено,SG-PL-SG,SG,PL,SG,gpt2,1.0687736,0.3118675359667719
russian,24,0,Письмо про походы из маленького сибирского посёлка были отправлены,SG-PL-PL,SG,PL,PL,gpt2,1.1343496,0.20316288454123352
russian,24,0,Письма про поход из маленького сибирского посёлка было отправлено,PL-SG-SG,PL,SG,SG,gpt2,1.1489269,0.26937303641365556
russian,24,0,Письма про поход из маленького сибирского посёлка были отправлены,PL-SG-PL,PL,SG,PL,gpt2,1.1272204,0.28846116515664877
russian,24,0,Письма про походы из маленького сибирского посёлка было отправлено,PL-PL-SG,PL,PL,SG,gpt2,1.1543286,0.24528617940234906
russian,24,0,Письма про походы из маленького сибирского посёлка были отправлены,PL-PL-PL,PL,PL,PL,gpt2,1.1222527,0.2064145975614018
russian,25,0,План на выходной из-за визита назойливых родственников был разрушен,SG-SG-SG,SG,SG,SG,gpt2,1.0771316,0.3322515399526184
russian,25,0,План на выходной из-за визита назойливых родственников были разрушены,SG-SG-PL,SG,SG,PL,gpt2,1.1734817,0.3274418651022605
russian,25,0,План на выходные из-за визита назойливых родственников был разрушен,SG-PL-SG,SG,PL,SG,gpt2,1.0917724,0.3416626856335753
russian,25,0,План на выходные из-за визита назойливых родственников были разрушены,SG-PL-PL,SG,PL,PL,gpt2,1.2611678,0.29012956100033177
russian,25,0,Планы на выходной из-за визита назойливых родственников был разрушен,PL-SG-SG,PL,SG,SG,gpt2,1.1960591,0.30149213688871124
russian,25,0,Планы на выходной из-за визита назойливых родственников были разрушены,PL-SG-PL,PL,SG,PL,gpt2,1.073235,0.33980316196081467
russian,25,0,Планы на выходные из-за визита назойливых родственников был разрушен,PL-PL-SG,PL,PL,SG,gpt2,1.2310511,0.30380564426461876
russian,25,0,Планы на выходные из-за визита назойливых родственников были разрушены,PL-PL-PL,PL,PL,PL,gpt2,1.169316,0.3056671737491971
russian,26,0,Поездка на остров для молодых влюблённых студентов была незабываемой,SG-SG-SG,SG,SG,SG,gpt2,1.1047541,0.35468548447651593
russian,26,0,Поездка на остров для молодых влюблённых студентов были незабываемыми,SG-SG-PL,SG,SG,PL,gpt2,1.2788455,0.3251966516293031
russian,26,0,Поездка на острова для молодых влюблённых студентов была незабываемой,SG-PL-SG,SG,PL,SG,gpt2,1.1074848,0.36304015690943575
russian,26,0,Поездка на острова для молодых влюблённых студентов были незабываемыми,SG-PL-PL,SG,PL,PL,gpt2,1.2978357,0.32674201196057356
russian,26,0,Поездки на остров для молодых влюблённых студентов была незабываемой,PL-SG-SG,PL,SG,SG,gpt2,1.294393,0.34196569277052796
russian,26,0,Поездки на остров для молодых влюблённых студентов были незабываемыми,PL-SG-PL,PL,SG,PL,gpt2,1.1238668,0.33501042759284017
russian,26,0,Поездки на острова для молодых влюблённых студентов была незабываемой,PL-PL-SG,PL,PL,SG,gpt2,1.29813,0.3496269796077737
russian,26,0,Поездки на острова для молодых влюблённых студентов были незабываемыми,PL-PL-PL,PL,PL,PL,gpt2,1.1408793,0.33992053633509206
russian,27,0,Полёт через пролив из-за усилившегося северного ветра был запрещён,SG-SG-SG,SG,SG,SG,gpt2,1.1212444,0.3336849873506054
russian,27,0,Полёт через пролив из-за усилившегося северного ветра были запрещены,SG-SG-PL,SG,SG,PL,gpt2,1.1549013,0.31286700070512885
russian,27,0,Полёт через проливы из-за усилившегося северного ветра был запрещён,SG-PL-SG,SG,PL,SG,gpt2,1.1063995,0.3351986708484173
russian,27,0,Полёт через проливы из-за усилившегося северного ветра были запрещены,SG-PL-PL,SG,PL,PL,gpt2,1.2296169,0.19829777242394542
russian,27,0,Полёты через пролив из-за усилившегося северного ветра был запрещён,PL-SG-SG,PL,SG,SG,gpt2,1.1694021,0.3063470830673431
russian,27,0,Полёты через пролив из-за усилившегося северного ветра были запрещены,PL-SG-PL,PL,SG,PL,gpt2,1.1754417,0.3210171398620481
russian,27,0,Полёты через проливы из-за усилившегося северного ветра был запрещён,PL-PL-SG,PL,PL,SG,gpt2,1.1399081,0.3093885973348698
russian,27,0,Полёты через проливы из-за усилившегося северного ветра были запрещены,PL-PL-PL,PL,PL,PL,gpt2,1.218705,0.25870678748173787
russian,28,0,Прогулка через парк для ценителей ландшафтного дизайна была приятной,SG-SG-SG,SG,SG,SG,gpt2,1.0898147,0.35394160128521696
russian,28,0,Прогулка через парк для ценителей ландшафтного дизайна были приятными,SG-SG-PL,SG,SG,PL,gpt2,1.2336956,0.3332259240742534
russian,28,0,Прогулка через парки для ценителей ландшафтного дизайна была приятной,SG-PL-SG,SG,PL,SG,gpt2,1.084754,0.3513601004686714
russian,28,0,Прогулка через парки для ценителей ландшафтного дизайна были приятными,SG-PL-PL,SG,PL,PL,gpt2,1.2568312,0.31619944567454583
russian,28,0,Прогулки через парк для ценителей ландшафтного дизайна была приятной,PL-SG-SG,PL,SG,SG,gpt2,1.2208968,0.34104092488725274
russian,28,0,Прогулки через парк для ценителей ландшафтного дизайна были приятными,PL-SG-PL,PL,SG,PL,gpt2,1.1623051,0.33053634597768167
russian,28,0,Прогулки через парки для ценителей ландшафтного дизайна была приятной,PL-PL-SG,PL,PL,SG,gpt2,1.2155234,0.3334436814055227
russian,28,0,Прогулки через парки для ценителей ландшафтного дизайна были приятными,PL-PL-PL,PL,PL,PL,gpt2,1.1797285,0.3244186136569301
russian,29,0,Прыжок через костёр для обладателей коротких ног был рискованным,SG-SG-SG,SG,SG,SG,gpt2,1.134725,0.31417563070311144
russian,29,0,Прыжок через костёр для обладателей коротких ног были рискованными,SG-SG-PL,SG,SG,PL,gpt2,1.2124335,0.32025008217576056
russian,29,0,Прыжок через костры для обладателей коротких ног был рискованным,SG-PL-SG,SG,PL,SG,gpt2,1.119287,0.3247122599668297
russian,29,0,Прыжок через костры для обладателей коротких ног были рискованными,SG-PL-PL,SG,PL,PL,gpt2,1.2469748,0.2770029473241362
russian,29,0,Прыжки через костёр для обладателей коротких ног был рискованным,PL-SG-SG,PL,SG,SG,gpt2,1.2171389,0.27699066338346734
russian,29,0,Прыжки через костёр для обладателей коротких ног были рискованными,PL-SG-PL,PL,SG,PL,gpt2,1.2024391,0.3039751069166343
russian,29,0,Прыжки через костры для обладателей коротких ног был рискованным,PL-PL-SG,PL,PL,SG,gpt2,1.1630257,0.30973761951622136
russian,29,0,Прыжки через костры для обладателей коротких ног были рискованными,PL-PL-PL,PL,PL,PL,gpt2,1.2360404,0.2925762132239989
russian,30,0,Путешествие на курорт для членов большой семьи было приятным,SG-SG-SG,SG,SG,SG,gpt2,1.0565394,0.35343660849836167
russian,30,0,Путешествие на курорт для членов большой семьи были приятными,SG-SG-PL,SG,SG,PL,gpt2,1.171243,0.3163970870164718
russian,30,0,Путешествие на курорты для членов большой семьи было приятным,SG-PL-SG,SG,PL,SG,gpt2,1.114246,0.33965820689428483
russian,30,0,Путешествие на курорты для членов большой семьи были приятными,SG-PL-PL,SG,PL,PL,gpt2,1.2659124,0.23069332611250815
russian,30,0,Путешествия на курорт для членов большой семьи было приятным,PL-SG-SG,PL,SG,SG,gpt2,1.1896306,0.32118519420589137
russian,30,0,Путешествия на курорт для членов большой семьи были приятными,PL-SG-PL,PL,SG,PL,gpt2,1.1648026,0.31083365149027953
russian,30,0,Путешествия на курорты для членов большой семьи было приятным,PL-PL-SG,PL,PL,SG,gpt2,1.234938,0.3063931539138423
russian,30,0,Путешествия на курорты для членов большой семьи были приятными,PL-PL-PL,PL,PL,PL,gpt2,1.2885084,0.2636343483053537
russian,31,0,Рецепт на порошок из-за частого предъявления аптекарям был мятым,SG-SG-SG,SG,SG,SG,gpt2,1.2915757,0.31504598853000143
russian,31,0,Рецепт на порошок из-за частого предъявления аптекарям были мятыми,SG-SG-PL,SG,SG,PL,gpt2,1.4322112,0.2747125620038901
russian,31,0,Рецепт на порошки из-за частого предъявления аптекарям был мятым,SG-PL-SG,SG,PL,SG,gpt2,1.2999144,0.3242412918968975
russian,31,0,Рецепт на порошки из-за частого предъявления аптекарям были мятыми,SG-PL-PL,SG,PL,PL,gpt2,1.4682326,0.2717359750788979
russian,31,0,Рецепты на порошок из-за частого предъявления аптекарям был мятым,PL-SG-SG,PL,SG,SG,gpt2,1.4201024,0.280078839967265
russian,31,0,Рецепты на порошок из-за частого предъявления аптекарям были мятыми,PL-SG-PL,PL,SG,PL,gpt2,1.268472,0.32072428042821205
russian,31,0,Рецепты на порошки из-за частого предъявления аптекарям был мятым,PL-PL-SG,PL,PL,SG,gpt2,1.4291823,0.2929685585147796
russian,31,0,Рецепты на порошки из-за частого предъявления аптекарям были мятыми,PL-PL-PL,PL,PL,PL,gpt2,1.2945921,0.32178491484445154
russian,32,0,Ссылка на сайт в списке источников статьи была дана,SG-SG-SG,SG,SG,SG,gpt2,1.0227878,0.2662836647466536
russian,32,0,Ссылка на сайт в списке источников статьи были даны,SG-SG-PL,SG,SG,PL,gpt2,1.2107947,0.18040356856052553
russian,32,0,Ссылка на сайты в списке источников статьи была дана,SG-PL-SG,SG,PL,SG,gpt2,1.0055183,0.2688252122634962
russian,32,0,Ссылка на сайты в списке источников статьи были даны,SG-PL-PL,SG,PL,PL,gpt2,1.2395262,0.15758823100438518
russian,32,0,Ссылки на сайт в списке источников статьи была дана,PL-SG-SG,PL,SG,SG,gpt2,1.1819671,0.22830543330525555
russian,32,0,Ссылки на сайт в списке источников статьи были даны,PL-SG-PL,PL,SG,PL,gpt2,1.0717269,0.2259091984654277
russian,32,0,Ссылки на сайты в списке источников статьи была дана,PL-PL-SG,PL,PL,SG,gpt2,1.1741275,0.22462089275703934
russian,32,0,Ссылки на сайты в списке источников статьи были даны,PL-PL-PL,PL,PL,PL,gpt2,1.0853751,0.21122729453511943
russian,33,0,Талон на обед во время большой перемены был выдан,SG-SG-SG,SG,SG,SG,gpt2,1.1946093,0.25528532162525813
russian,33,0,Талон на обед во время большой перемены были выданы,SG-SG-PL,SG,SG,PL,gpt2,1.2417428,0.20342333859492046
russian,33,0,Талон на обеды во время большой перемены был выдан,SG-PL-SG,SG,PL,SG,gpt2,1.1684172,0.24512854840053086
russian,33,0,Талон на обеды во время большой перемены были выданы,SG-PL-PL,SG,PL,PL,gpt2,1.2874963,0.1102158894301522
russian,33,0,Талоны на обед во время большой перемены был выдан,PL-SG-SG,PL,SG,SG,gpt2,1.1738629,0.25265391851773533
russian,33,0,Талоны на обед во время большой перемены были выданы,PL-SG-PL,PL,SG,PL,gpt2,1.0699931,0.28847772528145177
russian,33,0,Талоны на обеды во время большой перемены был выдан,PL-PL-SG,PL,PL,SG,gpt2,1.1136564,0.2543679139562996
russian,33,0,Талоны на обеды во время большой перемены были выданы,PL-PL-PL,PL,PL,PL,gpt2,1.1371064,0.2354584478409872
russian,34,0,Ткань на пиджак в каталоге весенней коллекции была подобрана,SG-SG-SG,SG,SG,SG,gpt2,1.0766045,0.32041960560877913
russian,34,0,Ткань на пиджак в каталоге весенней коллекции были подобраны,SG-SG-PL,SG,SG,PL,gpt2,1.1208695,0.26511296303463716
russian,34,0,Ткань на пиджаки в каталоге весенней коллекции была подобрана,SG-PL-SG,SG,PL,SG,gpt2,1.0581629,0.31660057111098555
russian,34,0,Ткань на пиджаки в каталоге весенней коллекции были подобраны,SG-PL-PL,SG,PL,PL,gpt2,1.1254717,0.2464470668732716
russian,34,0,Ткани на пиджак в каталоге весенней коллекции была подобрана,PL-SG-SG,PL,SG,SG,gpt2,1.1510671,0.28855254095211685
russian,34,0,Ткани на пиджак в каталоге весенней коллекции были подобраны,PL-SG-PL,PL,SG,PL,gpt2,1.1678848,0.2479559936842467
russian,34,0,Ткани на пиджаки в каталоге весенней коллекции была подобрана,PL-PL-SG,PL,PL,SG,gpt2,1.1345146,0.28383254661097335
russian,34,0,Ткани на пиджаки в каталоге весенней коллекции были подобраны,PL-PL-PL,PL,PL,PL,gpt2,1.1737032,0.22665846901543388
russian,35,0,Трасса через поле по меркам местных жителей была новой,SG-SG-SG,SG,SG,SG,gpt2,1.1359582,0.3249703767284493
russian,35,0,Трасса через поле по меркам местных жителей были новыми,SG-SG-PL,SG,SG,PL,gpt2,1.1943502,0.2980256750195927
russian,35,0,Трасса через поля по меркам местных жителей была новой,SG-PL-SG,SG,PL,SG,gpt2,1.1177362,0.34048031044645466
russian,35,0,Трасса через поля по меркам местных жителей были новыми,SG-PL-PL,SG,PL,PL,gpt2,1.2079808,0.2838398675372639
russian,35,0,Трассы через поле по меркам местных жителей была новой,PL-SG-SG,PL,SG,SG,gpt2,1.1965503,0.31319164531704924
russian,35,0,Трассы через поле по меркам местных жителей были новыми,PL-SG-PL,PL,SG,PL,gpt2,1.0940431,0.30112924466229
russian,35,0,Трассы через поля по меркам местных жителей была новой,PL-PL-SG,PL,PL,SG,gpt2,1.1754401,0.32911417838802015
russian,35,0,Трассы через поля по меркам местных жителей были новыми,PL-PL-PL,PL,PL,PL,gpt2,1.0933325,0.30678660713833633
russian,36,0,Тропинка через луг во время деревенской ярмарки была протоптана,SG-SG-SG,SG,SG,SG,gpt2,1.269027,0.2586134718359968
russian,36,0,Тропинка через луг во время деревенской ярмарки были протоптаны,SG-SG-PL,SG,SG,PL,gpt2,1.327008,0.24024114746458192
russian,36,0,Тропинка через луга во время деревенской ярмарки была протоптана,SG-PL-SG,SG,PL,SG,gpt2,1.2488725,0.26933220627014043
russian,36,0,Тропинка через луга во время деревенской ярмарки были протоптаны,SG-PL-PL,SG,PL,PL,gpt2,1.331578,0.2403350675094112
russian,36,0,Тропинки через луг во время деревенской ярмарки была протоптана,PL-SG-SG,PL,SG,SG,gpt2,1.283063,0.242122059675835
russian,36,0,Тропинки через луг во время деревенской ярмарки были протоптаны,PL-SG-PL,PL,SG,PL,gpt2,1.3077133,0.24487211883460402
russian,36,0,Тропинки через луга во время деревенской ярмарки была протоптана,PL-PL-SG,PL,PL,SG,gpt2,1.2757263,0.24628609417805497
russian,36,0,Тропинки через луга во время деревенской ярмарки были протоптаны,PL-PL-PL,PL,PL,PL,gpt2,1.3064276,0.2502325826639666
russian,37,0,Тур на озеро для участников последней поездки был незабываемым,SG-SG-SG,SG,SG,SG,gpt2,1.146646,0.16854401048227566
russian,37,0,Тур на озеро для участников последней поездки были незабываемыми,SG-SG-PL,SG,SG,PL,gpt2,1.2568223,0.1452283359768245
russian,37,0,Тур на озёра для участников последней поездки был незабываемым,SG-PL-SG,SG,PL,SG,gpt2,1.1374456,0.16935627784616644
russian,37,0,Тур на озёра для участников последней поездки были незабываемыми,SG-PL-PL,SG,PL,PL,gpt2,1.2589872,0.13493621627719862
russian,37,0,Туры на озеро для участников последней поездки был незабываемым,PL-SG-SG,PL,SG,SG,gpt2,1.1562918,0.23175958170694386
russian,37,0,Туры на озеро для участников последней поездки были незабываемыми,PL-SG-PL,PL,SG,PL,gpt2,1.1432312,0.2594627521115779
russian,37,0,Туры на озёра для участников последней поездки был незабываемым,PL-PL-SG,PL,PL,SG,gpt2,1.1256624,0.2514979847818652
russian,37,0,Туры на озёра для участников последней поездки были незабываемыми,PL-PL-PL,PL,PL,PL,gpt2,1.1259695,0.2795731432661199
russian,38,0,Удар в колено для юных неопытных борцов был болезненным,SG-SG-SG,SG,SG,SG,gpt2,1.3611336,0.2706116821632708
russian,38,0,Удар в колено для юных неопытных борцов были болезненными,SG-SG-PL,SG,SG,PL,gpt2,1.447343,0.2561379211587361
russian,38,0,Удар в колени для юных неопытных борцов был болезненным,SG-PL-SG,SG,PL,SG,gpt2,1.3289063,0.2603264888707678
russian,38,0,Удар в колени для юных неопытных борцов были болезненными,SG-PL-PL,SG,PL,PL,gpt2,1.4618118,0.20639317943483654
russian,38,0,Удары в колено для юных неопытных борцов был болезненным,PL-SG-SG,PL,SG,SG,gpt2,1.373422,0.27284148547578224
russian,38,0,Удары в колено для юных неопытных борцов были болезненными,PL-SG-PL,PL,SG,PL,gpt2,1.2636452,0.2697803466379572
russian,38,0,Удары в колени для юных неопытных борцов был болезненным,PL-PL-SG,PL,PL,SG,gpt2,1.357782,0.26069020070769044
russian,38,0,Удары в колени для юных неопытных борцов были болезненными,PL-PL-PL,PL,PL,PL,gpt2,1.2559688,0.2442186008454991
russian,39,0,Цена на продукт из-за плохого качества сырья была низкой,SG-SG-SG,SG,SG,SG,gpt2,1.1705873,0.27872195500252667
russian,39,0,Цена на продукт из-за плохого качества сырья были низкими,SG-SG-PL,SG,SG,PL,gpt2,1.2603328,0.261089843726899
russian,39,0,Цена на продукты из-за плохого качества сырья была низкой,SG-PL-SG,SG,PL,SG,gpt2,1.167546,0.2790194217357117
russian,39,0,Цена на продукты из-за плохого качества сырья были низкими,SG-PL-PL,SG,PL,PL,gpt2,1.2924421,0.23696149872660807
russian,39,0,Цены на продукт из-за плохого качества сырья была низкой,PL-SG-SG,PL,SG,SG,gpt2,1.1838735,0.2958712211205049
russian,39,0,Цены на продукт из-за плохого качества сырья были низкими,PL-SG-PL,PL,SG,PL,gpt2,1.1824753,0.28574257915766754
russian,39,0,Цены на продукты из-за плохого качества сырья была низкой,PL-PL-SG,PL,PL,SG,gpt2,1.1806294,0.29529945915843103
russian,39,0,Цены на продукты из-за плохого качества сырья были низкими,PL-PL-PL,PL,PL,PL,gpt2,1.2004731,0.26711160465109296
russian,40,0,Штраф за прогул в целях воспитания сотрудников был введён,SG-SG-SG,SG,SG,SG,gpt2,0.97122365,0.30820810757589245
russian,40,0,Штраф за прогул в целях воспитания сотрудников были введены,SG-SG-PL,SG,SG,PL,gpt2,1.1186788,0.2679029645800843
russian,40,0,Штраф за прогулы в целях воспитания сотрудников был введён,SG-PL-SG,SG,PL,SG,gpt2,1.01255,0.3190298843947901
russian,40,0,Штраф за прогулы в целях воспитания сотрудников были введены,SG-PL-PL,SG,PL,PL,gpt2,1.1795791,0.24932861363213193
russian,40,0,Штрафы за прогул в целях воспитания сотрудников был введён,PL-SG-SG,PL,SG,SG,gpt2,1.0495659,0.2614998728041886
russian,40,0,Штрафы за прогул в целях воспитания сотрудников были введены,PL-SG-PL,PL,SG,PL,gpt2,1.1286687,0.23684993073473404
russian,40,0,Штрафы за прогулы в целях воспитания сотрудников был введён,PL-PL-SG,PL,PL,SG,gpt2,1.0938839,0.2799887770859334
russian,40,0,Штрафы за прогулы в целях воспитания сотрудников были введены,PL-PL-PL,PL,PL,PL,gpt2,1.2274015,0.23621821259015158
russian,41,1,Аргумент против обвинения для адвоката пострадавшей стороны был сокрушительным,SG-SG-SG,SG,SG,SG,gpt2,1.2119458,0.30801070090962435
russian,41,1,Аргумент против обвинения для адвоката пострадавшей стороны были сокрушительными,SG-SG-PL,SG,SG,PL,gpt2,1.354448,0.2157471784162543
russian,41,1,Аргумент против обвинений для адвоката пострадавшей стороны был сокрушительным,SG-PL-SG,SG,PL,SG,gpt2,1.2027417,0.3047710319990919
russian,41,1,Аргумент против обвинений для адвоката пострадавшей стороны были сокрушительными,SG-PL-PL,SG,PL,PL,gpt2,1.3437846,0.22867027417464508
russian,41,1,Аргументы против обвинения для адвоката пострадавшей стороны был сокрушительным,PL-SG-SG,PL,SG,SG,gpt2,1.2856013,0.28990502647774713
russian,41,1,Аргументы против обвинения для адвоката пострадавшей стороны были сокрушительными,PL-SG-PL,PL,SG,PL,gpt2,1.2354496,0.27255740455760624
russian,41,1,Аргументы против обвинений для адвоката пострадавшей стороны был сокрушительным,PL-PL-SG,PL,PL,SG,gpt2,1.2741663,0.2855937031501263
russian,41,1,Аргументы против обвинений для адвоката пострадавшей стороны были сокрушительными,PL-PL-PL,PL,PL,PL,gpt2,1.2273818,0.27213523664086364
russian,42,1,Видеозапись с лекции для пропустивших занятия студентов была содержательной,SG-SG-SG,SG,SG,SG,gpt2,1.1394417,0.34926967804129755
russian,42,1,Видеозапись с лекции для пропустивших занятия студентов были содержательными,SG-SG-PL,SG,SG,PL,gpt2,1.2096596,0.3002765240532383
russian,42,1,Видеозапись с лекций для пропустивших занятия студентов была содержательной,SG-PL-SG,SG,PL,SG,gpt2,1.1365873,0.34680587311700545
russian,42,1,Видеозапись с лекций для пропустивших занятия студентов были содержательными,SG-PL-PL,SG,PL,PL,gpt2,1.2052428,0.2989572544942689
russian,42,1,Видеозаписи с лекции для пропустивших занятия студентов была содержательной,PL-SG-SG,PL,SG,SG,gpt2,1.1831219,0.34399083699924227
russian,42,1,Видеозаписи с лекции для пропустивших занятия студентов были содержательными,PL-SG-PL,PL,SG,PL,gpt2,1.1899807,0.31865768582665804
russian,42,1,Видеозаписи с лекций для пропустивших занятия студентов была содержательной,PL-PL-SG,PL,PL,SG,gpt2,1.1736434,0.3494607231117878
russian,42,1,Видеозаписи с лекций для пропустивших занятия студентов были содержательными,PL-PL-PL,PL,PL,PL,gpt2,1.1852158,0.3181728295955446
russian,43,1,Вывод из поражения из-за тщательного анализа ситуации был верным,SG-SG-SG,SG,SG,SG,gpt2,1.0930921,0.3249850393145972
russian,43,1,Вывод из поражения из-за тщательного анализа ситуации были верными,SG-SG-PL,SG,SG,PL,gpt2,1.1848625,0.28257054200759396
russian,43,1,Вывод из поражений из-за тщательного анализа ситуации был верным,SG-PL-SG,SG,PL,SG,gpt2,1.0828387,0.32791837216820924
russian,43,1,Вывод из поражений из-за тщательного анализа ситуации были верными,SG-PL-PL,SG,PL,PL,gpt2,1.185673,0.2778064626069995
russian,43,1,Выводы из поражения из-за тщательного анализа ситуации был верным,PL-SG-SG,PL,SG,SG,gpt2,1.1362302,0.33765445208169076
russian,43,1,Выводы из поражения из-за тщательного анализа ситуации были верными,PL-SG-PL,PL,SG,PL,gpt2,1.0341241,0.33470679916935775
russian,43,1,Выводы из поражений из-за тщательного анализа ситуации был верным,PL-PL-SG,PL,PL,SG,gpt2,1.1213048,0.3406637771083765
russian,43,1,Выводы из поражений из-за тщательного анализа ситуации были верными,PL-PL-PL,PL,PL,PL,gpt2,1.0271537,0.3424999853380644
russian,44,1,Выдержка из книги для упрощения процесса запоминания была краткой,SG-SG-SG,SG,SG,SG,gpt2,1.0701954,0.34648041168739757
russian,44,1,Выдержка из книги для упрощения процесса запоминания были краткими,SG-SG-PL,SG,SG,PL,gpt2,1.1683393,0.31368568724740864
russian,44,1,Выдержка из книг для упрощения процесса запоминания была краткой,SG-PL-SG,SG,PL,SG,gpt2,1.062327,0.34355301634921936
russian,44,1,Выдержка из книг для упрощения процесса запоминания были краткими,SG-PL-PL,SG,PL,PL,gpt2,1.1613954,0.3139649394146109
russian,44,1,Выдержки из книги для упрощения процесса запоминания была краткой,PL-SG-SG,PL,SG,SG,gpt2,1.2408154,0.2918099775945865
russian,44,1,Выдержки из книги для упрощения процесса запоминания были краткими,PL-SG-PL,PL,SG,PL,gpt2,1.1540592,0.29565689785027427
russian,44,1,Выдержки из книг для упрощения процесса запоминания была краткой,PL-PL-SG,PL,PL,SG,gpt2,1.224604,0.28892768592022894
russian,44,1,Выдержки из книг для упрощения процесса запоминания были краткими,PL-PL-PL,PL,PL,PL,gpt2,1.1489033,0.2947728849907071
russian,45,1,Выписка из программы во время затянувшегося заседания была сделана,SG-SG-SG,SG,SG,SG,gpt2,1.047518,0.3258772018116809
russian,45,1,Выписка из программы во время затянувшегося заседания были сделаны,SG-SG-PL,SG,SG,PL,gpt2,1.1527045,0.30809608653082654
russian,45,1,Выписка из программ во время затянувшегося заседания была сделана,SG-PL-SG,SG,PL,SG,gpt2,1.0358129,0.3362231538652182
russian,45,1,Выписка из программ во время затянувшегося заседания были сделаны,SG-PL-PL,SG,PL,PL,gpt2,1.1497501,0.3078406083694151
russian,45,1,Выписки из программы во время затянувшегося заседания была сделана,PL-SG-SG,PL,SG,SG,gpt2,1.1917851,0.2804321279172073
russian,45,1,Выписки из программы во время затянувшегося заседания были сделаны,PL-SG-PL,PL,SG,PL,gpt2,1.1483686,0.3103559969596856
russian,45,1,Выписки из программ во время затянувшегося заседания была сделана,PL-PL-SG,PL,PL,SG,gpt2,1.1676834,0.3048756139532991
russian,45,1,Выписки из программ во время затянувшегося заседания были сделаны,PL-PL-PL,PL,PL,PL,gpt2,1.138577,0.31949466841335944
russian,46,1,Выход из ситуации для опытного школьного психолога был очевидным,SG-SG-SG,SG,SG,SG,gpt2,1.2094011,0.3530929169369003
russian,46,1,Выход из ситуации для опытного школьного психолога были очевидными,SG-SG-PL,SG,SG,PL,gpt2,1.259922,0.3204406368094593
russian,46,1,Выход из ситуаций для опытного школьного психолога был очевидным,SG-PL-SG,SG,PL,SG,gpt2,1.1935852,0.3534905908180317
russian,46,1,Выход из ситуаций для опытного школьного психолога были очевидными,SG-PL-PL,SG,PL,PL,gpt2,1.2432168,0.3305677787869506
russian,46,1,Выходы из ситуации для опытного школьного психолога был очевидным,PL-SG-SG,PL,SG,SG,gpt2,1.2657273,0.34226003715485603
russian,46,1,Выходы из ситуации для опытного школьного психолога были очевидными,PL-SG-PL,PL,SG,PL,gpt2,1.2614625,0.3334301023762183
russian,46,1,Выходы из ситуаций для опытного школьного психолога был очевидным,PL-PL-SG,PL,PL,SG,gpt2,1.2424858,0.3444157330450139
russian,46,1,Выходы из ситуаций для опытного школьного психолога были очевидными,PL-PL-PL,PL,PL,PL,gpt2,1.2481965,0.346748790178772
russian,47,1,Доска для афиши к ограде маленького театра была прибита,SG-SG-SG,SG,SG,SG,gpt2,1.1713381,0.30367108583086483
russian,47,1,Доска для афиши к ограде маленького театра были прибиты,SG-SG-PL,SG,SG,PL,gpt2,1.2210239,0.2779484560155723
russian,47,1,Доска для афиш к ограде маленького театра была прибита,SG-PL-SG,SG,PL,SG,gpt2,1.1648467,0.30065806248083504
russian,47,1,Доска для афиш к ограде маленького театра были прибиты,SG-PL-PL,SG,PL,PL,gpt2,1.2043577,0.28134176333532
russian,47,1,Доски для афиши к ограде маленького театра была прибита,PL-SG-SG,PL,SG,SG,gpt2,1.1530238,0.29185842788162936
russian,47,1,Доски для афиши к ограде маленького театра были прибиты,PL-SG-PL,PL,SG,PL,gpt2,1.1991029,0.28505952967010867
russian,47,1,Доски для афиш к ограде маленького театра была прибита,PL-PL-SG,PL,PL,SG,gpt2,1.1454878,0.2888491797876796
russian,47,1,Доски для афиш к ограде маленького театра были прибиты,PL-PL-PL,PL,PL,PL,gpt2,1.1857829,0.28777690735601064
russian,48,1,Задержка из-за наводнения из-за отсутствия достоверной информации была пугающей,SG-SG-SG,SG,SG,SG,gpt2,1.27021,0.2825515408200157
russian,48,1,Задержка из-за наводнения из-за отсутствия достоверной информации были пугающими,SG-SG-PL,SG,SG,PL,gpt2,1.4095347,0.23287238730004473
russian,48,1,Задержка из-за наводнений из-за отсутствия достоверной информации была пугающей,SG-PL-SG,SG,PL,SG,gpt2,1.267287,0.28470653565631593
russian,48,1,Задержка из-за наводнений из-за отсутствия достоверной информации были пугающими,SG-PL-PL,SG,PL,PL,gpt2,1.3957584,0.2404248048759084
russian,48,1,Задержки из-за наводнения из-за отсутствия достоверной информации была пугающей,PL-SG-SG,PL,SG,SG,gpt2,1.3527704,0.2606574625991656
russian,48,1,Задержки из-за наводнения из-за отсутствия достоверной информации были пугающими,PL-SG-PL,PL,SG,PL,gpt2,1.3374017,0.2524668296547771
russian,48,1,Задержки из-за наводнений из-за отсутствия достоверной информации была пугающей,PL-PL-SG,PL,PL,SG,gpt2,1.3407301,0.2641732071880882
russian,48,1,Задержки из-за наводнений из-за отсутствия достоверной информации были пугающими,PL-PL-PL,PL,PL,PL,gpt2,1.3316485,0.25497324513996744
russian,49,1,Зал для заседания по масштабам небольшого городка был громадным,SG-SG-SG,SG,SG,SG,gpt2,1.0533575,0.30730412540492014
russian,49,1,Зал для заседания по масштабам небольшого городка были громадными,SG-SG-PL,SG,SG,PL,gpt2,1.1566428,0.2567019064168278
russian,49,1,Зал для заседаний по масштабам небольшого городка был громадным,SG-PL-SG,SG,PL,SG,gpt2,1.0490177,0.3104321638361455
russian,49,1,Зал для заседаний по масштабам небольшого городка были громадными,SG-PL-PL,SG,PL,PL,gpt2,1.1275942,0.290164793679628
russian,49,1,Залы для заседания по масштабам небольшого городка был громадным,PL-SG-SG,PL,SG,SG,gpt2,1.1488504,0.2661980297820719
russian,49,1,Залы для заседания по масштабам небольшого городка были громадными,PL-SG-PL,PL,SG,PL,gpt2,1.1557049,0.24839845527488366
russian,49,1,Залы для заседаний по масштабам небольшого городка был громадным,PL-PL-SG,PL,PL,SG,gpt2,1.1412538,0.2698005516708349
russian,49,1,Залы для заседаний по масштабам небольшого городка были громадными,PL-PL-PL,PL,PL,PL,gpt2,1.1336137,0.26815852966785203
russian,50,1,Запчасть для иномарки по меркам современного автовладельца была старой,SG-SG-SG,SG,SG,SG,gpt2,1.3069236,0.2958163230073419
russian,50,1,Запчасть для иномарки по меркам современного автовладельца были старыми,SG-SG-PL,SG,SG,PL,gpt2,1.3291177,0.2720454154420944
russian,50,1,Запчасть для иномарок по меркам современного автовладельца была старой,SG-PL-SG,SG,PL,SG,gpt2,1.306115,0.2941854058520057
russian,50,1,Запчасть для иномарок по меркам современного автовладельца были старыми,SG-PL-PL,SG,PL,PL,gpt2,1.3097327,0.2819722927593571
russian,50,1,Запчасти для иномарки по меркам современного автовладельца была старой,PL-SG-SG,PL,SG,SG,gpt2,1.272599,0.2860383346294174
russian,50,1,Запчасти для иномарки по меркам современного автовладельца были старыми,PL-SG-PL,PL,SG,PL,gpt2,1.3343879,0.279366208709915
russian,50,1,Запчасти для иномарок по меркам современного автовладельца была старой,PL-PL-SG,PL,PL,SG,gpt2,1.2744029,0.2855846286965083
russian,50,1,Запчасти для иномарок по меркам современного автовладельца были старыми,PL-PL-PL,PL,PL,PL,gpt2,1.3199279,0.28497738275460555
russian,51,1,Исключение из правила на аккуратно свёрнутую шпаргалку было выписано,SG-SG-SG,SG,SG,SG,gpt2,1.0998459,0.3581781817175565
russian,51,1,Исключение из правила на аккуратно свёрнутую шпаргалку были выписаны,SG-SG-PL,SG,SG,PL,gpt2,1.2505687,0.26912988697668844
russian,51,1,Исключение из правил на аккуратно свёрнутую шпаргалку было выписано,SG-PL-SG,SG,PL,SG,gpt2,1.097792,0.35760446461370227
russian,51,1,Исключение из правил на аккуратно свёрнутую шпаргалку были выписаны,SG-PL-PL,SG,PL,PL,gpt2,1.2440634,0.27085496416951643
russian,51,1,Исключения из правила на аккуратно свёрнутую шпаргалку было выписано,PL-SG-SG,PL,SG,SG,gpt2,1.2310045,0.3156078057715297
russian,51,1,Исключения из правила на аккуратно свёрнутую шпаргалку были выписаны,PL-SG-PL,PL,SG,PL,gpt2,1.2019608,0.3218175320179463
russian,51,1,Исключения из правил на аккуратно свёрнутую шпаргалку было выписано,PL-PL-SG,PL,PL,SG,gpt2,1.216675,0.32169475864078095
russian,51,1,Исключения из правил на аккуратно свёрнутую шпаргалку были выписаны,PL-PL-PL,PL,PL,PL,gpt2,1.1969917,0.32888079263777426
russian,52,1,Истерика из-за оценки по мнению родителей девочки была бурной,SG-SG-SG,SG,SG,SG,gpt2,1.1958927,0.2730769851520837
russian,52,1,Истерика из-за оценки по мнению родителей девочки были бурными,SG-SG-PL,SG,SG,PL,gpt2,1.2605553,0.20276126768168565
russian,52,1,Истерика из-за оценок по мнению родителей девочки была бурной,SG-PL-SG,SG,PL,SG,gpt2,1.1943363,0.27221110188015585
russian,52,1,Истерика из-за оценок по мнению родителей девочки были бурными,SG-PL-PL,SG,PL,PL,gpt2,1.2583705,0.20768217048423954
russian,52,1,Истерики из-за оценки по мнению родителей девочки была бурной,PL-SG-SG,PL,SG,SG,gpt2,1.2675577,0.23792948698938104
russian,52,1,Истерики из-за оценки по мнению родителей девочки были бурными,PL-SG-PL,PL,SG,PL,gpt2,1.1744691,0.21647997773279565
russian,52,1,Истерики из-за оценок по мнению родителей девочки была бурной,PL-PL-SG,PL,PL,SG,gpt2,1.2627465,0.2415580373084046
russian,52,1,Истерики из-за оценок по мнению родителей девочки были бурными,PL-PL-PL,PL,PL,PL,gpt2,1.1738676,0.2168023211706281
russian,53,1,Камень для ограды с лучшей итальянской каменоломни был завезён,SG-SG-SG,SG,SG,SG,gpt2,1.2023144,0.22725229441671102
russian,53,1,Камень для ограды с лучшей итальянской каменоломни были завезены,SG-SG-PL,SG,SG,PL,gpt2,1.3381119,0.15657239882001533
russian,53,1,Камень для оград с лучшей итальянской каменоломни был завезён,SG-PL-SG,SG,PL,SG,gpt2,1.2040865,0.22342596287906735
russian,53,1,Камень для оград с лучшей итальянской каменоломни были завезены,SG-PL-PL,SG,PL,PL,gpt2,1.308699,0.18490706641356092
russian,53,1,Камни для ограды с лучшей итальянской каменоломни был завезён,PL-SG-SG,PL,SG,SG,gpt2,1.1963418,0.22988707162894928
russian,53,1,Камни для ограды с лучшей итальянской каменоломни были завезены,PL-SG-PL,PL,SG,PL,gpt2,1.338017,0.15909174552865132
russian,53,1,Камни для оград с лучшей итальянской каменоломни был завезён,PL-PL-SG,PL,PL,SG,gpt2,1.202964,0.22061534817699593
russian,53,1,Камни для оград с лучшей итальянской каменоломни были завезены,PL-PL-PL,PL,PL,PL,gpt2,1.3028945,0.18405159718712982
russian,54,1,Кирпич для дачи со склада бракованной продукции был привезён,SG-SG-SG,SG,SG,SG,gpt2,1.1663929,0.26017280140503485
russian,54,1,Кирпич для дачи со склада бракованной продукции были привезены,SG-SG-PL,SG,SG,PL,gpt2,1.2145197,0.19508105772638906
russian,54,1,Кирпич для дач со склада бракованной продукции был привезён,SG-PL-SG,SG,PL,SG,gpt2,1.157397,0.23029330276644908
russian,54,1,Кирпич для дач со склада бракованной продукции были привезены,SG-PL-PL,SG,PL,PL,gpt2,1.1778742,0.20071540193854337
russian,54,1,Кирпичи для дачи со склада бракованной продукции был привезён,PL-SG-SG,PL,SG,SG,gpt2,1.1866255,0.27536536744250384
russian,54,1,Кирпичи для дачи со склада бракованной продукции были привезены,PL-SG-PL,PL,SG,PL,gpt2,1.1799809,0.26764115908145714
russian,54,1,Кирпичи для дач со склада бракованной продукции был привезён,PL-PL-SG,PL,PL,SG,gpt2,1.2022057,0.24045294166496856
russian,54,1,Кирпичи для дач со склада бракованной продукции были привезены,PL-PL-PL,PL,PL,PL,gpt2,1.1602618,0.2683853431541705
russian,55,1,Ключ от шкатулки из-за высокой влажности воздуха был ржавым,SG-SG-SG,SG,SG,SG,gpt2,1.1473618,0.30655509835364037
russian,55,1,Ключ от шкатулки из-за высокой влажности воздуха были ржавыми,SG-SG-PL,SG,SG,PL,gpt2,1.2276249,0.23874117126628827
russian,55,1,Ключ от шкатулок из-за высокой влажности воздуха был ржавым,SG-PL-SG,SG,PL,SG,gpt2,1.1564622,0.3255603585473783
russian,55,1,Ключ от шкатулок из-за высокой влажности воздуха были ржавыми,SG-PL-PL,SG,PL,PL,gpt2,1.2022654,0.28193766406325077
russian,55,1,Ключи от шкатулки из-за высокой влажности воздуха был ржавым,PL-SG-SG,PL,SG,SG,gpt2,1.1259334,0.30481614623220954
russian,55,1,Ключи от шкатулки из-за высокой влажности воздуха были ржавыми,PL-SG-PL,PL,SG,PL,gpt2,1.129229,0.2965466589950032
russian,55,1,Ключи от шкатулок из-за высокой влажности воздуха был ржавым,PL-PL-SG,PL,PL,SG,gpt2,1.1021137,0.3282994531951612
russian,55,1,Ключи от шкатулок из-за высокой влажности воздуха были ржавыми,PL-PL-PL,PL,PL,PL,gpt2,1.1209476,0.32840796628766816
russian,56,1,Комната для вечеринки из-за малого количества мебели была просторной,SG-SG-SG,SG,SG,SG,gpt2,1.1068068,0.3163051771557854
russian,56,1,Комната для вечеринки из-за малого количества мебели были просторными,SG-SG-PL,SG,SG,PL,gpt2,1.2057333,0.28038799390300895
russian,56,1,Комната для вечеринок из-за малого количества мебели была просторной,SG-PL-SG,SG,PL,SG,gpt2,1.1018181,0.31021097899805955
russian,56,1,Комната для вечеринок из-за малого количества мебели были просторными,SG-PL-PL,SG,PL,PL,gpt2,1.1644579,0.2979504551347606
russian,56,1,Комнаты для вечеринки из-за малого количества мебели была просторной,PL-SG-SG,PL,SG,SG,gpt2,1.2730552,0.2922619858833421
russian,56,1,Комнаты для вечеринки из-за малого количества мебели были просторными,PL-SG-PL,PL,SG,PL,gpt2,1.1865934,0.29276526097123745
russian,56,1,Комнаты для вечеринок из-за малого количества мебели была просторной,PL-PL-SG,PL,PL,SG,gpt2,1.2745105,0.2828036285334847
russian,56,1,Комнаты для вечеринок из-за малого количества мебели были просторными,PL-PL-PL,PL,PL,PL,gpt2,1.1772099,0.299567574443099
russian,57,1,Кондиционер для помещения из-за ошибки заводских сборщиков был неисправен,SG-SG-SG,SG,SG,SG,gpt2,1.3627343,0.2794114125687727
russian,57,1,Кондиционер для помещения из-за ошибки заводских сборщиков были неисправны,SG-SG-PL,SG,SG,PL,gpt2,1.4235346,0.24002218794441
russian,57,1,Кондиционер для помещений из-за ошибки заводских сборщиков был неисправен,SG-PL-SG,SG,PL,SG,gpt2,1.3818676,0.27162833596193275
russian,57,1,Кондиционер для помещений из-за ошибки заводских сборщиков были неисправны,SG-PL-PL,SG,PL,PL,gpt2,1.430783,0.23511870995100148
russian,57,1,Кондиционеры для помещения из-за ошибки заводских сборщиков был неисправен,PL-SG-SG,PL,SG,SG,gpt2,1.3537705,0.2353787533334184
russian,57,1,Кондиционеры для помещения из-за ошибки заводских сборщиков были неисправны,PL-SG-PL,PL,SG,PL,gpt2,1.272413,0.27969968123466393
russian,57,1,Кондиционеры для помещений из-за ошибки заводских сборщиков был неисправен,PL-PL-SG,PL,PL,SG,gpt2,1.3651409,0.22465778111260148
russian,57,1,Кондиционеры для помещений из-за ошибки заводских сборщиков были неисправны,PL-PL-PL,PL,PL,PL,gpt2,1.295218,0.2775913346640755
russian,58,1,Коробка для краски из-за экологических убеждений производителя была картонной,SG-SG-SG,SG,SG,SG,gpt2,1.1903483,0.26561609656325286
russian,58,1,Коробка для краски из-за экологических убеждений производителя были картонными,SG-SG-PL,SG,SG,PL,gpt2,1.3012745,0.2303027980553199
russian,58,1,Коробка для красок из-за экологических убеждений производителя была картонной,SG-PL-SG,SG,PL,SG,gpt2,1.188418,0.26649973881490463
russian,58,1,Коробка для красок из-за экологических убеждений производителя были картонными,SG-PL-PL,SG,PL,PL,gpt2,1.2955006,0.23199163737682382
russian,58,1,Коробки для краски из-за экологических убеждений производителя была картонной,PL-SG-SG,PL,SG,SG,gpt2,1.2092113,0.2679133402305451
russian,58,1,Коробки для краски из-за экологических убеждений производителя были картонными,PL-SG-PL,PL,SG,PL,gpt2,1.2564076,0.2470968178929905
russian,58,1,Коробки для красок из-за экологических убеждений производителя была картонной,PL-PL-SG,PL,PL,SG,gpt2,1.202925,0.2715052920965499
russian,58,1,Коробки для красок из-за экологических убеждений производителя были картонными,PL-PL-PL,PL,PL,PL,gpt2,1.2591358,0.24525984151360997
russian,59,1,Лекарство от болезни для отдельных категорий граждан было доступным,SG-SG-SG,SG,SG,SG,gpt2,1.2323374,0.29154480215955375
russian,59,1,Лекарство от болезни для отдельных категорий граждан были доступными,SG-SG-PL,SG,SG,PL,gpt2,1.3643808,0.24007461485968823
russian,59,1,Лекарство от болезней для отдельных категорий граждан было доступным,SG-PL-SG,SG,PL,SG,gpt2,1.245239,0.30568602554291147
russian,59,1,Лекарство от болезней для отдельных категорий граждан были доступными,SG-PL-PL,SG,PL,PL,gpt2,1.351456,0.26742011907689706
russian,59,1,Лекарства от болезни для отдельных категорий граждан было доступным,PL-SG-SG,PL,SG,SG,gpt2,1.3415935,0.2798057744565
russian,59,1,Лекарства от болезни для отдельных категорий граждан были доступными,PL-SG-PL,PL,SG,PL,gpt2,1.2987965,0.26201644072226404
russian,59,1,Лекарства от болезней для отдельных категорий граждан было доступным,PL-PL-SG,PL,PL,SG,gpt2,1.3320504,0.2964856980648207
russian,59,1,Лекарства от болезней для отдельных категорий граждан были доступными,PL-PL-PL,PL,PL,PL,gpt2,1.3101689,0.2737331554303973
russian,60,1,Лимузин для свадьбы с яркими розовыми бантами был белым,SG-SG-SG,SG,SG,SG,gpt2,1.1841345,0.30668926804370855
russian,60,1,Лимузин для свадьбы с яркими розовыми бантами были белыми,SG-SG-PL,SG,SG,PL,gpt2,1.2439842,0.2138270816935261
russian,60,1,Лимузин для свадеб с яркими розовыми бантами был белым,SG-PL-SG,SG,PL,SG,gpt2,1.1864078,0.30763257909514113
russian,60,1,Лимузин для свадеб с яркими розовыми бантами были белыми,SG-PL-PL,SG,PL,PL,gpt2,1.2303592,0.228473679460711
russian,60,1,Лимузины для свадьбы с яркими розовыми бантами был белым,PL-SG-SG,PL,SG,SG,gpt2,1.156458,0.26541145807937233
russian,60,1,Лимузины для свадьбы с яркими розовыми бантами были белыми,PL-SG-PL,PL,SG,PL,gpt2,1.2836485,0.23257200784386917
russian,60,1,Лимузины для свадеб с яркими розовыми бантами был белым,PL-PL-SG,PL,PL,SG,gpt2,1.1476452,0.2739966504652656
russian,60,1,Лимузины для свадеб с яркими розовыми бантами были белыми,PL-PL-PL,PL,PL,PL,gpt2,1.2557323,0.2497373854351597
russian,61,1,Лозунг из листовки с целью привлечения внимания был придуман,SG-SG-SG,SG,SG,SG,gpt2,1.1624188,0.23804628135460687
russian,61,1,Лозунг из листовки с целью привлечения внимания были придуманы,SG-SG-PL,SG,SG,PL,gpt2,1.2324374,0.1755094692995452
russian,61,1,Лозунг из листовок с целью привлечения внимания был придуман,SG-PL-SG,SG,PL,SG,gpt2,1.1557766,0.23907007746636638
russian,61,1,Лозунг из листовок с целью привлечения внимания были придуманы,SG-PL-PL,SG,PL,PL,gpt2,1.2033819,0.19015736944236916
russian,61,1,Лозунги из листовки с целью привлечения внимания был придуман,PL-SG-SG,PL,SG,SG,gpt2,1.0998069,0.25187028432799924
russian,61,1,Лозунги из листовки с целью привлечения внимания были придуманы,PL-SG-PL,PL,SG,PL,gpt2,1.1923048,0.22203960799872713
russian,61,1,Лозунги из листовок с целью привлечения внимания был придуман,PL-PL-SG,PL,PL,SG,gpt2,1.0941035,0.2530395339362606
russian,61,1,Лозунги из листовок с целью привлечения внимания были придуманы,PL-PL-PL,PL,PL,PL,gpt2,1.1668742,0.23333559919303407
russian,62,1,Массовка для съёмки из числа местных студентов была набрана,SG-SG-SG,SG,SG,SG,gpt2,1.160161,0.32302790656051383
russian,62,1,Массовка для съёмки из числа местных студентов были набраны,SG-SG-PL,SG,SG,PL,gpt2,1.316819,0.26864212531348886
russian,62,1,Массовка для съёмок из числа местных студентов была набрана,SG-PL-SG,SG,PL,SG,gpt2,1.1513591,0.3349642043429039
russian,62,1,Массовка для съёмок из числа местных студентов были набраны,SG-PL-PL,SG,PL,PL,gpt2,1.2918099,0.2892559389542182
russian,62,1,Массовки для съёмки из числа местных студентов была набрана,PL-SG-SG,PL,SG,SG,gpt2,1.2487749,0.34602009426211444
russian,62,1,Массовки для съёмки из числа местных студентов были набраны,PL-SG-PL,PL,SG,PL,gpt2,1.2014987,0.31960179772350816
russian,62,1,Массовки для съёмок из числа местных студентов была набрана,PL-PL-SG,PL,PL,SG,gpt2,1.2346696,0.35835382797530463
russian,62,1,Массовки для съёмок из числа местных студентов были набраны,PL-PL-PL,PL,PL,PL,gpt2,1.1817033,0.33465516624388875
russian,63,1,Материал для крыши из-за нарушения режима хранения был бракованным,SG-SG-SG,SG,SG,SG,gpt2,1.0708152,0.2602327874562564
russian,63,1,Материал для крыши из-за нарушения режима хранения были бракованными,SG-SG-PL,SG,SG,PL,gpt2,1.1783803,0.2528337374629035
russian,63,1,Материал для крыш из-за нарушения режима хранения был бракованным,SG-PL-SG,SG,PL,SG,gpt2,1.0752642,0.2587416245062535
russian,63,1,Материал для крыш из-за нарушения режима хранения были бракованными,SG-PL-PL,SG,PL,PL,gpt2,1.173219,0.26226444978373076
russian,63,1,Материалы для крыши из-за нарушения режима хранения был бракованным,PL-SG-SG,PL,SG,SG,gpt2,1.0585436,0.270705760535769
russian,63,1,Материалы для крыши из-за нарушения режима хранения были бракованными,PL-SG-PL,PL,SG,PL,gpt2,1.1149273,0.23113340000558363
russian,63,1,Материалы для крыш из-за нарушения режима хранения был бракованным,PL-PL-SG,PL,PL,SG,gpt2,1.0627546,0.2683044352429151
russian,63,1,Материалы для крыш из-за нарушения режима хранения были бракованными,PL-PL-PL,PL,PL,PL,gpt2,1.1066505,0.23307534306739439
russian,64,1,Мотор для лодки с учётом пожеланий рыбаков был заказан,SG-SG-SG,SG,SG,SG,gpt2,1.2672536,0.21736019139092905
russian,64,1,Мотор для лодки с учётом пожеланий рыбаков были заказаны,SG-SG-PL,SG,SG,PL,gpt2,1.3260537,0.18132764005304017
russian,64,1,Мотор для лодок с учётом пожеланий рыбаков был заказан,SG-PL-SG,SG,PL,SG,gpt2,1.2635287,0.21990883546228918
russian,64,1,Мотор для лодок с учётом пожеланий рыбаков были заказаны,SG-PL-PL,SG,PL,PL,gpt2,1.3058364,0.19218628307253116
russian,64,1,Моторы для лодки с учётом пожеланий рыбаков был заказан,PL-SG-SG,PL,SG,SG,gpt2,1.2748039,0.224337190349869
russian,64,1,Моторы для лодки с учётом пожеланий рыбаков были заказаны,PL-SG-PL,PL,SG,PL,gpt2,1.2870367,0.21089658042392623
russian,64,1,Моторы для лодок с учётом пожеланий рыбаков был заказан,PL-PL-SG,PL,PL,SG,gpt2,1.2684972,0.22699295984648396
russian,64,1,Моторы для лодок с учётом пожеланий рыбаков были заказаны,PL-PL-PL,PL,PL,PL,gpt2,1.2806413,0.21296747457599885
russian,65,1,Мяч для игры для детских дошкольных учреждений был разработан,SG-SG-SG,SG,SG,SG,gpt2,1.2491664,0.26866688075017464
russian,65,1,Мяч для игры для детских дошкольных учреждений были разработаны,SG-SG-PL,SG,SG,PL,gpt2,1.2338994,0.20768286907211578
russian,65,1,Мяч для игр для детских дошкольных учреждений был разработан,SG-PL-SG,SG,PL,SG,gpt2,1.2563689,0.2719434896870325
russian,65,1,Мяч для игр для детских дошкольных учреждений были разработаны,SG-PL-PL,SG,PL,PL,gpt2,1.22466,0.23322635510246814
russian,65,1,Мячи для игры для детских дошкольных учреждений был разработан,PL-SG-SG,PL,SG,SG,gpt2,1.1978512,0.3020467462905167
russian,65,1,Мячи для игры для детских дошкольных учреждений были разработаны,PL-SG-PL,PL,SG,PL,gpt2,1.2340572,0.27295367645248947
russian,65,1,Мячи для игр для детских дошкольных учреждений был разработан,PL-PL-SG,PL,PL,SG,gpt2,1.2022196,0.304333958977373
russian,65,1,Мячи для игр для детских дошкольных учреждений были разработаны,PL-PL-PL,PL,PL,PL,gpt2,1.2368767,0.28502027043464295
russian,66,1,Перелом из-за падения из-за преклонного возраста альпиниста был тяжёлым,SG-SG-SG,SG,SG,SG,gpt2,1.2359169,0.32247931633772453
russian,66,1,Перелом из-за падения из-за преклонного возраста альпиниста были тяжёлыми,SG-SG-PL,SG,SG,PL,gpt2,1.3746245,0.25301447258578075
russian,66,1,Перелом из-за падений из-за преклонного возраста альпиниста был тяжёлым,SG-PL-SG,SG,PL,SG,gpt2,1.1790473,0.32614588912830855
russian,66,1,Перелом из-за падений из-за преклонного возраста альпиниста были тяжёлыми,SG-PL-PL,SG,PL,PL,gpt2,1.309153,0.2699394061717406
russian,66,1,Переломы из-за падения из-за преклонного возраста альпиниста был тяжёлым,PL-SG-SG,PL,SG,SG,gpt2,1.3178304,0.29942243707128957
russian,66,1,Переломы из-за падения из-за преклонного возраста альпиниста были тяжёлыми,PL-SG-PL,PL,SG,PL,gpt2,1.1656622,0.31368057538398325
russian,66,1,Переломы из-за падений из-за преклонного возраста альпиниста был тяжёлым,PL-PL-SG,PL,PL,SG,gpt2,1.2896678,0.302582778669277
russian,66,1,Переломы из-за падений из-за преклонного возраста альпиниста были тяжёлыми,PL-PL-PL,PL,PL,PL,gpt2,1.1218895,0.32350156799253404
russian,67,1,Пристань для яхты из-за высоких штормовых волн была мокрой,SG-SG-SG,SG,SG,SG,gpt2,1.1512305,0.396559799691411
russian,67,1,Пристань для яхты из-за высоких штормовых волн были мокрыми,SG-SG-PL,SG,SG,PL,gpt2,1.2284238,0.3517633420752027
russian,67,1,Пристань для яхт из-за высоких штормовых волн была мокрой,SG-PL-SG,SG,PL,SG,gpt2,1.1300952,0.40965434100823844
russian,67,1,Пристань для яхт из-за высоких штормовых волн были мокрыми,SG-PL-PL,SG,PL,PL,gpt2,1.1783766,0.3884204777611153
russian,67,1,Пристани для яхты из-за высоких штормовых волн была мокрой,PL-SG-SG,PL,SG,SG,gpt2,1.3690732,0.30705836662128827
russian,67,1,Пристани для яхты из-за высоких штормовых волн были мокрыми,PL-SG-PL,PL,SG,PL,gpt2,1.4460691,0.2623279378033754
russian,67,1,Пристани для яхт из-за высоких штормовых волн была мокрой,PL-PL-SG,PL,PL,SG,gpt2,1.3570238,0.3225124900700474
russian,67,1,Пристани для яхт из-за высоких штормовых волн были мокрыми,PL-PL-PL,PL,PL,PL,gpt2,1.4085428,0.3005249789927629
russian,68,1,Пропуск из-за травмы с главным врачом команды был согласован,SG-SG-SG,SG,SG,SG,gpt2,1.0701382,0.32957877326650264
russian,68,1,Пропуск из-за травмы с главным врачом команды были согласованы,SG-SG-PL,SG,SG,PL,gpt2,1.2028344,0.25446700551809953
russian,68,1,Пропуск из-за травм с главным врачом команды был согласован,SG-PL-SG,SG,PL,SG,gpt2,1.0656435,0.3346798164913484
russian,68,1,Пропуск из-за травм с главным врачом команды были согласованы,SG-PL-PL,SG,PL,PL,gpt2,1.1857009,0.2840659905691031
russian,68,1,Пропуски из-за травмы с главным врачом команды был согласован,PL-SG-SG,PL,SG,SG,gpt2,1.133601,0.28478665912482726
russian,68,1,Пропуски из-за травмы с главным врачом команды были согласованы,PL-SG-PL,PL,SG,PL,gpt2,1.1300043,0.2926733829639831
russian,68,1,Пропуски из-за травм с главным врачом команды был согласован,PL-PL-SG,PL,PL,SG,gpt2,1.1539787,0.28343348579251604
russian,68,1,Пропуски из-за травм с главным врачом команды были согласованы,PL-PL-PL,PL,PL,PL,gpt2,1.1184957,0.3037967416018799
russian,69,1,Рассказ об аварии для усиления эмоционального напряжения был приукрашен,SG-SG-SG,SG,SG,SG,gpt2,1.1166364,0.31482712701888094
russian,69,1,Рассказ об аварии для усиления эмоционального напряжения были приукрашены,SG-SG-PL,SG,SG,PL,gpt2,1.1971251,0.2721756619238958
russian,69,1,Рассказ об аварий для усиления эмоционального напряжения был приукрашен,SG-PL-SG,SG,PL,SG,gpt2,1.0979917,0.3409237746759431
russian,69,1,Рассказ об аварий для усиления эмоционального напряжения были приукрашены,SG-PL-PL,SG,PL,PL,gpt2,1.149072,0.320240629201875
russian,69,1,Рассказы об аварии для усиления эмоционального напряжения был приукрашен,PL-SG-SG,PL,SG,SG,gpt2,1.2042062,0.3183835936560449
russian,69,1,Рассказы об аварии для усиления эмоционального напряжения были приукрашены,PL-SG-PL,PL,SG,PL,gpt2,1.1179341,0.2999506414812237
russian,69,1,Рассказы об аварий для усиления эмоционального напряжения был приукрашен,PL-PL-SG,PL,PL,SG,gpt2,1.1743649,0.34807555966368287
russian,69,1,Рассказы об аварий для усиления эмоционального напряжения были приукрашены,PL-PL-PL,PL,PL,PL,gpt2,1.1131595,0.3395056204531676
russian,70,1,Репортаж для газеты после разрешения публичной огласки был написан,SG-SG-SG,SG,SG,SG,gpt2,1.2240899,0.2656804688514544
russian,70,1,Репортаж для газеты после разрешения публичной огласки были написаны,SG-SG-PL,SG,SG,PL,gpt2,1.3799354,0.2108229718788837
russian,70,1,Репортаж для газет после разрешения публичной огласки был написан,SG-PL-SG,SG,PL,SG,gpt2,1.2041956,0.2715483290080431
russian,70,1,Репортаж для газет после разрешения публичной огласки были написаны,SG-PL-PL,SG,PL,PL,gpt2,1.3510499,0.22665462644828802
russian,70,1,Репортажи для газеты после разрешения публичной огласки был написан,PL-SG-SG,PL,SG,SG,gpt2,1.2702725,0.27141546948824835
russian,70,1,Репортажи для газеты после разрешения публичной огласки были написаны,PL-SG-PL,PL,SG,PL,gpt2,1.1722605,0.2540434805587243
russian,70,1,Репортажи для газет после разрешения публичной огласки был написан,PL-PL-SG,PL,PL,SG,gpt2,1.2577474,0.27772387969501505
russian,70,1,Репортажи для газет после разрешения публичной огласки были написаны,PL-PL-PL,PL,PL,PL,gpt2,1.1459997,0.2657331746938835
russian,71,1,Скандал из-за статьи в глазах непосредственных участников был масштабным,SG-SG-SG,SG,SG,SG,gpt2,1.2101687,0.31257561243571036
russian,71,1,Скандал из-за статьи в глазах непосредственных участников были масштабными,SG-SG-PL,SG,SG,PL,gpt2,1.2844746,0.2497282931148081
russian,71,1,Скандал из-за статей в глазах непосредственных участников был масштабным,SG-PL-SG,SG,PL,SG,gpt2,1.2075888,0.3093731656520741
russian,71,1,Скандал из-за статей в глазах непосредственных участников были масштабными,SG-PL-PL,SG,PL,PL,gpt2,1.2784789,0.25990291252713627
russian,71,1,Скандалы из-за статьи в глазах непосредственных участников был масштабным,PL-SG-SG,PL,SG,SG,gpt2,1.312478,0.31873256208114925
russian,71,1,Скандалы из-за статьи в глазах непосредственных участников были масштабными,PL-SG-PL,PL,SG,PL,gpt2,1.223981,0.2717853865913222
russian,71,1,Скандалы из-за статей в глазах непосредственных участников был масштабным,PL-PL-SG,PL,PL,SG,gpt2,1.3137977,0.3166527005638533
russian,71,1,Скандалы из-за статей в глазах непосредственных участников были масштабными,PL-PL-PL,PL,PL,PL,gpt2,1.2323284,0.2740724375669832
russian,72,1,Скидка от авиакомпании из-за недавнего крушения самолёта была беспрецедентной,SG-SG-SG,SG,SG,SG,gpt2,1.1510422,0.32054576516996175
russian,72,1,Скидка от авиакомпании из-за недавнего крушения самолёта были беспрецедентными,SG-SG-PL,SG,SG,PL,gpt2,1.2931974,0.2841145543717914
russian,72,1,Скидка от авиакомпаний из-за недавнего крушения самолёта была беспрецедентной,SG-PL-SG,SG,PL,SG,gpt2,1.1501262,0.31566550622618056
russian,72,1,Скидка от авиакомпаний из-за недавнего крушения самолёта были беспрецедентными,SG-PL-PL,SG,PL,PL,gpt2,1.2720182,0.2826210888121395
russian,72,1,Скидки от авиакомпании из-за недавнего крушения самолёта была беспрецедентной,PL-SG-SG,PL,SG,SG,gpt2,1.3139899,0.28031568591373746
russian,72,1,Скидки от авиакомпании из-за недавнего крушения самолёта были беспрецедентными,PL-SG-PL,PL,SG,PL,gpt2,1.2045326,0.2959809772345906
russian,72,1,Скидки от авиакомпаний из-за недавнего крушения самолёта была беспрецедентной,PL-PL-SG,PL,PL,SG,gpt2,1.3008673,0.2766326537141481
russian,72,1,Скидки от авиакомпаний из-за недавнего крушения самолёта были беспрецедентными,PL-PL-PL,PL,PL,PL,gpt2,1.1965575,0.2937543874187156
russian,73,1,Стекло для беседки из-за неосторожности пьяных грузчиков было разбито,SG-SG-SG,SG,SG,SG,gpt2,1.274347,0.3365824709638233
russian,73,1,Стекло для беседки из-за неосторожности пьяных грузчиков были разбиты,SG-SG-PL,SG,SG,PL,gpt2,1.4305645,0.2840439994297826
russian,73,1,Стекло для беседок из-за неосторожности пьяных грузчиков было разбито,SG-PL-SG,SG,PL,SG,gpt2,1.2674458,0.34046279087492426
russian,73,1,Стекло для беседок из-за неосторожности пьяных грузчиков были разбиты,SG-PL-PL,SG,PL,PL,gpt2,1.4062268,0.3000714021789061
russian,73,1,Стёкла для беседки из-за неосторожности пьяных грузчиков было разбито,PL-SG-SG,PL,SG,SG,gpt2,1.3219992,0.3079182756146265
russian,73,1,Стёкла для беседки из-за неосторожности пьяных грузчиков были разбиты,PL-SG-PL,PL,SG,PL,gpt2,1.3261421,0.27641005747499103
russian,73,1,Стёкла для беседок из-за неосторожности пьяных грузчиков было разбито,PL-PL-SG,PL,PL,SG,gpt2,1.3139755,0.31085364889928374
russian,73,1,Стёкла для беседок из-за неосторожности пьяных грузчиков были разбиты,PL-PL-PL,PL,PL,PL,gpt2,1.3013177,0.2923215218225772
russian,74,1,Стол для трапезы на залитую солнцем террасу был вынесен,SG-SG-SG,SG,SG,SG,gpt2,1.2839988,0.2272446510559205
russian,74,1,Стол для трапезы на залитую солнцем террасу были вынесены,SG-SG-PL,SG,SG,PL,gpt2,1.3193471,0.2133246852852404
russian,74,1,Стол для трапез на залитую солнцем террасу был вынесен,SG-PL-SG,SG,PL,SG,gpt2,1.2593247,0.23403469775884944
russian,74,1,Стол для трапез на залитую солнцем террасу были вынесены,SG-PL-PL,SG,PL,PL,gpt2,1.2818587,0.22908394808599705
russian,74,1,Столы для трапезы на залитую солнцем террасу был вынесен,PL-SG-SG,PL,SG,SG,gpt2,1.3511983,0.23857267421164763
russian,74,1,Столы для трапезы на залитую солнцем террасу были вынесены,PL-SG-PL,PL,SG,PL,gpt2,1.3101858,0.2631328299912862
russian,74,1,Столы для трапез на залитую солнцем террасу был вынесен,PL-PL-SG,PL,PL,SG,gpt2,1.3299189,0.252122788675815
russian,74,1,Столы для трапез на залитую солнцем террасу были вынесены,PL-PL-PL,PL,PL,PL,gpt2,1.2771099,0.2769915300525856
russian,75,1,Сувенир для акции в фирменном магазине команды был выбран,SG-SG-SG,SG,SG,SG,gpt2,1.0999374,0.2552518600642774
russian,75,1,Сувенир для акции в фирменном магазине команды были выбраны,SG-SG-PL,SG,SG,PL,gpt2,1.2136049,0.2022392907905829
russian,75,1,Сувенир для акций в фирменном магазине команды был выбран,SG-PL-SG,SG,PL,SG,gpt2,1.0937771,0.2591078151954504
russian,75,1,Сувенир для акций в фирменном магазине команды были выбраны,SG-PL-PL,SG,PL,PL,gpt2,1.1886971,0.2235499117061316
russian,75,1,Сувениры для акции в фирменном магазине команды был выбран,PL-SG-SG,PL,SG,SG,gpt2,1.0676095,0.259928622854653
russian,75,1,Сувениры для акции в фирменном магазине команды были выбраны,PL-SG-PL,PL,SG,PL,gpt2,1.1528342,0.25323548087439246
russian,75,1,Сувениры для акций в фирменном магазине команды был выбран,PL-PL-SG,PL,PL,SG,gpt2,1.0615927,0.2626139559593291
russian,75,1,Сувениры для акций в фирменном магазине команды были выбраны,PL-PL-PL,PL,PL,PL,gpt2,1.1292449,0.264034910542365
russian,76,1,Тень от лампы на высоких сводах храма была видна,SG-SG-SG,SG,SG,SG,gpt2,1.0871639,0.27613885314153325
russian,76,1,Тень от лампы на высоких сводах храма были видны,SG-SG-PL,SG,SG,PL,gpt2,1.162734,0.2002768845245746
russian,76,1,Тень от ламп на высоких сводах храма была видна,SG-PL-SG,SG,PL,SG,gpt2,1.0656977,0.28297689747128835
russian,76,1,Тень от ламп на высоких сводах храма были видны,SG-PL-PL,SG,PL,PL,gpt2,1.1309855,0.21551388298734775
russian,76,1,Тени от лампы на высоких сводах храма была видна,PL-SG-SG,PL,SG,SG,gpt2,1.1061329,0.26147181391899466
russian,76,1,Тени от лампы на высоких сводах храма были видны,PL-SG-PL,PL,SG,PL,gpt2,1.1605234,0.22653051017610187
russian,76,1,Тени от ламп на высоких сводах храма была видна,PL-PL-SG,PL,PL,SG,gpt2,1.0845134,0.2710259747041109
russian,76,1,Тени от ламп на высоких сводах храма были видны,PL-PL-PL,PL,PL,PL,gpt2,1.130526,0.24212724706429148
russian,77,1,Товар с витрины по сильно сниженной цене был продан,SG-SG-SG,SG,SG,SG,gpt2,1.1809545,0.2870127015840836
russian,77,1,Товар с витрины по сильно сниженной цене были проданы,SG-SG-PL,SG,SG,PL,gpt2,1.1859193,0.17631858372927384
russian,77,1,Товар с витрин по сильно сниженной цене был продан,SG-PL-SG,SG,PL,SG,gpt2,1.1541913,0.30357928694923314
russian,77,1,Товар с витрин по сильно сниженной цене были проданы,SG-PL-PL,SG,PL,PL,gpt2,1.085847,0.2682300806091331
russian,77,1,Товары с витрины по сильно сниженной цене был продан,PL-SG-SG,PL,SG,SG,gpt2,1.0876205,0.29809695390023305
russian,77,1,Товары с витрины по сильно сниженной цене были проданы,PL-SG-PL,PL,SG,PL,gpt2,1.2359793,0.23499277564290535
russian,77,1,Товары с витрин по сильно сниженной цене был продан,PL-PL-SG,PL,PL,SG,gpt2,1.0508852,0.32242581662104464
russian,77,1,Товары с витрин по сильно сниженной цене были проданы,PL-PL-PL,PL,PL,PL,gpt2,1.1532077,0.3091835491646968
russian,78,1,Условие для задачи из-за избытка ненужных фактов было запутанным,SG-SG-SG,SG,SG,SG,gpt2,1.1388023,0.30402023941415707
russian,78,1,Условие для задачи из-за избытка ненужных фактов были запутанными,SG-SG-PL,SG,SG,PL,gpt2,1.2868979,0.2641599392460808
russian,78,1,Условие для задач из-за избытка ненужных фактов было запутанным,SG-PL-SG,SG,PL,SG,gpt2,1.1300443,0.3033485832264736
russian,78,1,Условие для задач из-за избытка ненужных фактов были запутанными,SG-PL-PL,SG,PL,PL,gpt2,1.2712929,0.2723454897545997
russian,78,1,Условия для задачи из-за избытка ненужных фактов было запутанным,PL-SG-SG,PL,SG,SG,gpt2,1.2638024,0.25845615291251
russian,78,1,Условия для задачи из-за избытка ненужных фактов были запутанными,PL-SG-PL,PL,SG,PL,gpt2,1.2057383,0.25173570083503394
russian,78,1,Условия для задач из-за избытка ненужных фактов было запутанным,PL-PL-SG,PL,PL,SG,gpt2,1.2502081,0.25842951451374163
russian,78,1,Условия для задач из-за избытка ненужных фактов были запутанными,PL-PL-PL,PL,PL,PL,gpt2,1.1933227,0.2561266501025433
russian,79,1,Шаблон для таблицы для начинающих пользователей компьютера был удобным,SG-SG-SG,SG,SG,SG,gpt2,1.1515911,0.26123452715481404
russian,79,1,Шаблон для таблицы для начинающих пользователей компьютера были удобными,SG-SG-PL,SG,SG,PL,gpt2,1.2411684,0.20255900093012835
russian,79,1,Шаблон для таблиц для начинающих пользователей компьютера был удобным,SG-PL-SG,SG,PL,SG,gpt2,1.1099167,0.26095641703647754
russian,79,1,Шаблон для таблиц для начинающих пользователей компьютера были удобными,SG-PL-PL,SG,PL,PL,gpt2,1.1685225,0.2267839925352518
russian,79,1,Шаблоны для таблицы для начинающих пользователей компьютера был удобным,PL-SG-SG,PL,SG,SG,gpt2,1.115181,0.27681243301219033
russian,79,1,Шаблоны для таблицы для начинающих пользователей компьютера были удобными,PL-SG-PL,PL,SG,PL,gpt2,1.2033304,0.23337471990058084
russian,79,1,Шаблоны для таблиц для начинающих пользователей компьютера был удобным,PL-PL-SG,PL,PL,SG,gpt2,1.0685,0.2779345323007365
russian,79,1,Шаблоны для таблиц для начинающих пользователей компьютера были удобными,PL-PL-PL,PL,PL,PL,gpt2,1.1406481,0.24663046201110123
russian,80,1,Шрам после операции с помощью медицинского лазера был удалён,SG-SG-SG,SG,SG,SG,gpt2,1.1499784,0.3083701940478747
russian,80,1,Шрам после операции с помощью медицинского лазера были удалены,SG-SG-PL,SG,SG,PL,gpt2,1.2694759,0.22790347305675385
russian,80,1,Шрам после операций с помощью медицинского лазера был удалён,SG-PL-SG,SG,PL,SG,gpt2,1.1278789,0.31430939146974773
russian,80,1,Шрам после операций с помощью медицинского лазера были удалены,SG-PL-PL,SG,PL,PL,gpt2,1.2425295,0.2516737773077466
russian,80,1,Шрамы после операции с помощью медицинского лазера был удалён,PL-SG-SG,PL,SG,SG,gpt2,1.2060874,0.29595490329634394
russian,80,1,Шрамы после операции с помощью медицинского лазера были удалены,PL-SG-PL,PL,SG,PL,gpt2,1.1809444,0.28028784563810627
russian,80,1,Шрамы после операций с помощью медицинского лазера был удалён,PL-PL-SG,PL,PL,SG,gpt2,1.2005637,0.30335484885502717
russian,80,1,Шрамы после операций с помощью медицинского лазера были удалены,PL-PL-PL,PL,PL,PL,gpt2,1.1650597,0.29122376492904645
