lg,item,syn,sentence,condition,headn,attn,verbn,model_type,surprisal
russian,1,0,Абонемент на концерт был дорогим из-за участия популярных артистов,SG-SG-SG,SG,SG,SG,bert,13.286438941955566
russian,1,0,Абонемент на концерт были дорогими из-за участия популярных артистов,SG-SG-PL,SG,SG,PL,bert,12.053781509399414
russian,1,0,Абонемент на концерты был дорогим из-за участия популярных артистов,SG-PL-SG,SG,PL,SG,bert,13.287172317504883
russian,1,0,Абонемент на концерты были дорогими из-за участия популярных артистов,SG-PL-PL,SG,PL,PL,bert,12.129947662353516
russian,1,0,Абонементы на концерт был дорогим из-за участия популярных артистов,PL-SG-SG,PL,SG,SG,bert,13.394514083862305
russian,1,0,Абонементы на концерт были дорогими из-за участия популярных артистов,PL-SG-PL,PL,SG,PL,bert,12.285648345947266
russian,1,0,Абонементы на концерты был дорогим из-за участия популярных артистов,PL-PL-SG,PL,PL,SG,bert,13.55430793762207
russian,1,0,Абонементы на концерты были дорогими из-за участия популярных артистов,PL-PL-PL,PL,PL,PL,bert,12.405223846435547
russian,2,0,Анекдот про экзамен для строгого пожилого учителя был обидным,SG-SG-SG,SG,SG,SG,bert,13.048517227172852
russian,2,0,Анекдот про экзамен для строгого пожилого учителя были обидными,SG-SG-PL,SG,SG,PL,bert,12.288911819458008
russian,2,0,Анекдот про экзамены для строгого пожилого учителя был обидным,SG-PL-SG,SG,PL,SG,bert,12.891366004943848
russian,2,0,Анекдот про экзамены для строгого пожилого учителя были обидными,SG-PL-PL,SG,PL,PL,bert,12.363039016723633
russian,2,0,Анекдоты про экзамен для строгого пожилого учителя был обидным,PL-SG-SG,PL,SG,SG,bert,13.517587661743164
russian,2,0,Анекдоты про экзамен для строгого пожилого учителя были обидными,PL-SG-PL,PL,SG,PL,bert,12.597757339477539
russian,2,0,Анекдоты про экзамены для строгого пожилого учителя был обидным,PL-PL-SG,PL,PL,SG,bert,13.324621200561523
russian,2,0,Анекдоты про экзамены для строгого пожилого учителя были обидными,PL-PL-PL,PL,PL,PL,bert,12.570246696472168
russian,3,0,Арка во двор в несущей конструкции здания была проделана,SG-SG-SG,SG,SG,SG,bert,12.497063636779785
russian,3,0,Арка во двор в несущей конструкции здания были проделаны,SG-SG-PL,SG,SG,PL,bert,11.611278533935547
russian,3,0,Арка во дворы в несущей конструкции здания была проделана,SG-PL-SG,SG,PL,SG,bert,12.428285598754883
russian,3,0,Арка во дворы в несущей конструкции здания были проделаны,SG-PL-PL,SG,PL,PL,bert,11.674505233764648
russian,3,0,Арки во двор в несущей конструкции здания была проделана,PL-SG-SG,PL,SG,SG,bert,13.517614364624023
russian,3,0,Арки во двор в несущей конструкции здания были проделаны,PL-SG-PL,PL,SG,PL,bert,12.231002807617188
russian,3,0,Арки во дворы в несущей конструкции здания была проделана,PL-PL-SG,PL,PL,SG,bert,13.635295867919922
russian,3,0,Арки во дворы в несущей конструкции здания были проделаны,PL-PL-PL,PL,PL,PL,bert,12.24069595336914
russian,4,0,Атака на крепость из-за стратегической ошибки полководца была безуспешной,SG-SG-SG,SG,SG,SG,bert,13.32694149017334
russian,4,0,Атака на крепость из-за стратегической ошибки полководца были безуспешными,SG-SG-PL,SG,SG,PL,bert,12.70689582824707
russian,4,0,Атака на крепости из-за стратегической ошибки полководца была безуспешной,SG-PL-SG,SG,PL,SG,bert,13.338478088378906
russian,4,0,Атака на крепости из-за стратегической ошибки полководца были безуспешными,SG-PL-PL,SG,PL,PL,bert,12.696074485778809
russian,4,0,Атаки на крепость из-за стратегической ошибки полководца была безуспешной,PL-SG-SG,PL,SG,SG,bert,14.052717208862305
russian,4,0,Атаки на крепость из-за стратегической ошибки полководца были безуспешными,PL-SG-PL,PL,SG,PL,bert,13.63376522064209
russian,4,0,Атаки на крепости из-за стратегической ошибки полководца была безуспешной,PL-PL-SG,PL,PL,SG,bert,14.036260604858398
russian,4,0,Атаки на крепости из-за стратегической ошибки полководца были безуспешными,PL-PL-PL,PL,PL,PL,bert,13.569448471069336
russian,5,0,Билет в музей во время уличной демонстрации был утерян,SG-SG-SG,SG,SG,SG,bert,14.338600158691406
russian,5,0,Билет в музей во время уличной демонстрации были утеряны,SG-SG-PL,SG,SG,PL,bert,12.122230529785156
russian,5,0,Билет в музеи во время уличной демонстрации был утерян,SG-PL-SG,SG,PL,SG,bert,14.338600158691406
russian,5,0,Билет в музеи во время уличной демонстрации были утеряны,SG-PL-PL,SG,PL,PL,bert,12.122230529785156
russian,5,0,Билеты в музей во время уличной демонстрации был утерян,PL-SG-SG,PL,SG,SG,bert,14.369495391845703
russian,5,0,Билеты в музей во время уличной демонстрации были утеряны,PL-SG-PL,PL,SG,PL,bert,12.137752532958984
russian,5,0,Билеты в музеи во время уличной демонстрации был утерян,PL-PL-SG,PL,PL,SG,bert,14.369495391845703
russian,5,0,Билеты в музеи во время уличной демонстрации были утеряны,PL-PL-PL,PL,PL,PL,bert,12.137752532958984
russian,6,0,Взгляд на снимок из-под длинных опущенных ресниц был брошен,SG-SG-SG,SG,SG,SG,bert,13.00001335144043
russian,6,0,Взгляд на снимок из-под длинных опущенных ресниц были брошены,SG-SG-PL,SG,SG,PL,bert,11.544742584228516
russian,6,0,Взгляд на снимки из-под длинных опущенных ресниц был брошен,SG-PL-SG,SG,PL,SG,bert,12.961402893066406
russian,6,0,Взгляд на снимки из-под длинных опущенных ресниц были брошены,SG-PL-PL,SG,PL,PL,bert,11.597460746765137
russian,6,0,Взгляды на снимок из-под длинных опущенных ресниц был брошен,PL-SG-SG,PL,SG,SG,bert,13.89233684539795
russian,6,0,Взгляды на снимок из-под длинных опущенных ресниц были брошены,PL-SG-PL,PL,SG,PL,bert,11.838947296142578
russian,6,0,Взгляды на снимки из-под длинных опущенных ресниц был брошен,PL-PL-SG,PL,PL,SG,bert,13.895235061645508
russian,6,0,Взгляды на снимки из-под длинных опущенных ресниц были брошены,PL-PL-PL,PL,PL,PL,bert,11.833942413330078
russian,7,0,Возражение на упрёк без излишне бурных эмоций было принято,SG-SG-SG,SG,SG,SG,bert,12.069437026977539
russian,7,0,Возражение на упрёк без излишне бурных эмоций были приняты,SG-SG-PL,SG,SG,PL,bert,9.608388900756836
russian,7,0,Возражение на упреки без излишне бурных эмоций было принято,SG-PL-SG,SG,PL,SG,bert,11.999526977539062
russian,7,0,Возражение на упреки без излишне бурных эмоций были приняты,SG-PL-PL,SG,PL,PL,bert,9.68036937713623
russian,7,0,Возражения на упрёк без излишне бурных эмоций было принято,PL-SG-SG,PL,SG,SG,bert,12.661247253417969
russian,7,0,Возражения на упрёк без излишне бурных эмоций были приняты,PL-SG-PL,PL,SG,PL,bert,9.97878646850586
russian,7,0,Возражения на упреки без излишне бурных эмоций было принято,PL-PL-SG,PL,PL,SG,bert,12.645861625671387
russian,7,0,Возражения на упреки без излишне бурных эмоций были приняты,PL-PL-PL,PL,PL,PL,bert,10.044601440429688
russian,8,0,Выстрел в цель из-за сбитого прицела ружья был неточным,SG-SG-SG,SG,SG,SG,bert,13.064294815063477
russian,8,0,Выстрел в цель из-за сбитого прицела ружья были неточными,SG-SG-PL,SG,SG,PL,bert,12.699544906616211
russian,8,0,Выстрел в цели из-за сбитого прицела ружья был неточным,SG-PL-SG,SG,PL,SG,bert,13.170635223388672
russian,8,0,Выстрел в цели из-за сбитого прицела ружья были неточными,SG-PL-PL,SG,PL,PL,bert,12.805234909057617
russian,8,0,Выстрелы в цель из-за сбитого прицела ружья был неточным,PL-SG-SG,PL,SG,SG,bert,13.664468765258789
russian,8,0,Выстрелы в цель из-за сбитого прицела ружья были неточными,PL-SG-PL,PL,SG,PL,bert,12.963394165039062
russian,8,0,Выстрелы в цели из-за сбитого прицела ружья был неточным,PL-PL-SG,PL,PL,SG,bert,13.798067092895508
russian,8,0,Выстрелы в цели из-за сбитого прицела ружья были неточными,PL-PL-PL,PL,PL,PL,bert,13.004106521606445
russian,9,0,Дорога через лес для снабжения людей провизией была проложена,SG-SG-SG,SG,SG,SG,bert,13.274587631225586
russian,9,0,Дорога через лес для снабжения людей провизией были проложены,SG-SG-PL,SG,SG,PL,bert,11.720772743225098
russian,9,0,Дорога через леса для снабжения людей провизией была проложена,SG-PL-SG,SG,PL,SG,bert,13.161465644836426
russian,9,0,Дорога через леса для снабжения людей провизией были проложены,SG-PL-PL,SG,PL,PL,bert,11.704727172851562
russian,9,0,Дороги через лес для снабжения людей провизией была проложена,PL-SG-SG,PL,SG,SG,bert,13.972360610961914
russian,9,0,Дороги через лес для снабжения людей провизией были проложены,PL-SG-PL,PL,SG,PL,bert,12.475200653076172
russian,9,0,Дороги через леса для снабжения людей провизией была проложена,PL-PL-SG,PL,PL,SG,bert,13.97117805480957
russian,9,0,Дороги через леса для снабжения людей провизией были проложены,PL-PL-PL,PL,PL,PL,bert,12.468805313110352
russian,10,0,Жалоба на боль из-за нарушения дыхания пациента была тихой,SG-SG-SG,SG,SG,SG,bert,12.307821273803711
russian,10,0,Жалоба на боль из-за нарушения дыхания пациента были тихими,SG-SG-PL,SG,SG,PL,bert,11.347053527832031
russian,10,0,Жалоба на боли из-за нарушения дыхания пациента была тихой,SG-PL-SG,SG,PL,SG,bert,12.272615432739258
russian,10,0,Жалоба на боли из-за нарушения дыхания пациента были тихими,SG-PL-PL,SG,PL,PL,bert,11.373825073242188
russian,10,0,Жалобы на боль из-за нарушения дыхания пациента была тихой,PL-SG-SG,PL,SG,SG,bert,13.055346488952637
russian,10,0,Жалобы на боль из-за нарушения дыхания пациента были тихими,PL-SG-PL,PL,SG,PL,bert,11.888330459594727
russian,10,0,Жалобы на боли из-за нарушения дыхания пациента была тихой,PL-PL-SG,PL,PL,SG,bert,13.026710510253906
russian,10,0,Жалобы на боли из-за нарушения дыхания пациента были тихими,PL-PL-PL,PL,PL,PL,bert,11.777217864990234
russian,11,0,История про убийство в присутствии маленьких детей была рассказана,SG-SG-SG,SG,SG,SG,bert,13.517642974853516
russian,11,0,История про убийство в присутствии маленьких детей были рассказаны,SG-SG-PL,SG,SG,PL,bert,11.064098358154297
russian,11,0,История про убийства в присутствии маленьких детей была рассказана,SG-PL-SG,SG,PL,SG,bert,13.536880493164062
russian,11,0,История про убийства в присутствии маленьких детей были рассказаны,SG-PL-PL,SG,PL,PL,bert,11.002187728881836
russian,11,0,Истории про убийство в присутствии маленьких детей была рассказана,PL-SG-SG,PL,SG,SG,bert,13.722221374511719
russian,11,0,Истории про убийство в присутствии маленьких детей были рассказаны,PL-SG-PL,PL,SG,PL,bert,11.30422306060791
russian,11,0,Истории про убийства в присутствии маленьких детей была рассказана,PL-PL-SG,PL,PL,SG,bert,13.796623229980469
russian,11,0,Истории про убийства в присутствии маленьких детей были рассказаны,PL-PL-PL,PL,PL,PL,bert,11.340104103088379
russian,12,0,Кредит на участок из-за высокой стоимости земли был долгосрочным,SG-SG-SG,SG,SG,SG,bert,13.842819213867188
russian,12,0,Кредит на участок из-за высокой стоимости земли были долгосрочными,SG-SG-PL,SG,SG,PL,bert,12.206287384033203
russian,12,0,Кредит на участки из-за высокой стоимости земли был долгосрочным,SG-PL-SG,SG,PL,SG,bert,13.842586517333984
russian,12,0,Кредит на участки из-за высокой стоимости земли были долгосрочными,SG-PL-PL,SG,PL,PL,bert,12.272903442382812
russian,12,0,Кредиты на участок из-за высокой стоимости земли был долгосрочным,PL-SG-SG,PL,SG,SG,bert,14.488420486450195
russian,12,0,Кредиты на участок из-за высокой стоимости земли были долгосрочными,PL-SG-PL,PL,SG,PL,bert,13.201740264892578
russian,12,0,Кредиты на участки из-за высокой стоимости земли был долгосрочным,PL-PL-SG,PL,PL,SG,bert,14.42521858215332
russian,12,0,Кредиты на участки из-за высокой стоимости земли были долгосрочными,PL-PL-PL,PL,PL,PL,bert,13.171720504760742
russian,13,0,Кружево на наряд в вышитый шелковый мешочек было упаковано,SG-SG-SG,SG,SG,SG,bert,12.908065795898438
russian,13,0,Кружево на наряд в вышитый шелковый мешочек были упакованы,SG-SG-PL,SG,SG,PL,bert,12.606435775756836
russian,13,0,Кружево на наряды в вышитый шелковый мешочек было упаковано,SG-PL-SG,SG,PL,SG,bert,12.630359649658203
russian,13,0,Кружево на наряды в вышитый шелковый мешочек были упакованы,SG-PL-PL,SG,PL,PL,bert,12.538049697875977
russian,13,0,Кружева на наряд в вышитый шелковый мешочек было упаковано,PL-SG-SG,PL,SG,SG,bert,13.338315963745117
russian,13,0,Кружева на наряд в вышитый шелковый мешочек были упакованы,PL-SG-PL,PL,SG,PL,bert,12.54741096496582
russian,13,0,Кружева на наряды в вышитый шелковый мешочек было упаковано,PL-PL-SG,PL,PL,SG,bert,13.065093040466309
russian,13,0,Кружева на наряды в вышитый шелковый мешочек были упакованы,PL-PL-PL,PL,PL,PL,bert,12.439825057983398
russian,14,0,Легенда про замок в старинной летописи графства была записана,SG-SG-SG,SG,SG,SG,bert,12.437353134155273
russian,14,0,Легенда про замок в старинной летописи графства были записаны,SG-SG-PL,SG,SG,PL,bert,10.877777099609375
russian,14,0,Легенда про замки в старинной летописи графства была записана,SG-PL-SG,SG,PL,SG,bert,12.480623245239258
russian,14,0,Легенда про замки в старинной летописи графства были записаны,SG-PL-PL,SG,PL,PL,bert,11.109756469726562
russian,14,0,Легенды про замок в старинной летописи графства была записана,PL-SG-SG,PL,SG,SG,bert,12.782158851623535
russian,14,0,Легенды про замок в старинной летописи графства были записаны,PL-SG-PL,PL,SG,PL,bert,10.833148956298828
russian,14,0,Легенды про замки в старинной летописи графства была записана,PL-PL-SG,PL,PL,SG,bert,12.832282066345215
russian,14,0,Легенды про замки в старинной летописи графства были записаны,PL-PL-PL,PL,PL,PL,bert,10.988117218017578
russian,15,0,Лестница в подвал из-за отсутствия свободного места была крутой,SG-SG-SG,SG,SG,SG,bert,12.415504455566406
russian,15,0,Лестница в подвал из-за отсутствия свободного места были крутыми,SG-SG-PL,SG,SG,PL,bert,10.910069465637207
russian,15,0,Лестница в подвалы из-за отсутствия свободного места была крутой,SG-PL-SG,SG,PL,SG,bert,12.322500228881836
russian,15,0,Лестница в подвалы из-за отсутствия свободного места были крутыми,SG-PL-PL,SG,PL,PL,bert,11.049247741699219
russian,15,0,Лестницы в подвал из-за отсутствия свободного места была крутой,PL-SG-SG,PL,SG,SG,bert,12.919477462768555
russian,15,0,Лестницы в подвал из-за отсутствия свободного места были крутыми,PL-SG-PL,PL,SG,PL,bert,11.423189163208008
russian,15,0,Лестницы в подвалы из-за отсутствия свободного места была крутой,PL-PL-SG,PL,PL,SG,bert,12.993566513061523
russian,15,0,Лестницы в подвалы из-за отсутствия свободного места были крутыми,PL-PL-PL,PL,PL,PL,bert,11.563940048217773
russian,16,0,Мост через овраг после окончания военных действий был возведен,SG-SG-SG,SG,SG,SG,bert,14.453006744384766
russian,16,0,Мост через овраг после окончания военных действий были возведены,SG-SG-PL,SG,SG,PL,bert,12.602413177490234
russian,16,0,Мост через овраги после окончания военных действий был возведен,SG-PL-SG,SG,PL,SG,bert,14.426519393920898
russian,16,0,Мост через овраги после окончания военных действий были возведены,SG-PL-PL,SG,PL,PL,bert,12.741473197937012
russian,16,0,Мосты через овраг после окончания военных действий был возведен,PL-SG-SG,PL,SG,SG,bert,14.47006607055664
russian,16,0,Мосты через овраг после окончания военных действий были возведены,PL-SG-PL,PL,SG,PL,bert,12.577713966369629
russian,16,0,Мосты через овраги после окончания военных действий был возведен,PL-PL-SG,PL,PL,SG,bert,14.448063850402832
russian,16,0,Мосты через овраги после окончания военных действий были возведены,PL-PL-PL,PL,PL,PL,bert,12.55459976196289
russian,17,0,Налог на доход из-за смены политического курса был повышен,SG-SG-SG,SG,SG,SG,bert,13.010368347167969
russian,17,0,Налог на доход из-за смены политического курса были повышены,SG-SG-PL,SG,SG,PL,bert,11.312138557434082
russian,17,0,Налог на доходы из-за смены политического курса был повышен,SG-PL-SG,SG,PL,SG,bert,12.909355163574219
russian,17,0,Налог на доходы из-за смены политического курса были повышены,SG-PL-PL,SG,PL,PL,bert,11.233466148376465
russian,17,0,Налоги на доход из-за смены политического курса был повышен,PL-SG-SG,PL,SG,SG,bert,13.594379425048828
russian,17,0,Налоги на доход из-за смены политического курса были повышены,PL-SG-PL,PL,SG,PL,bert,11.30323314666748
russian,17,0,Налоги на доходы из-за смены политического курса был повышен,PL-PL-SG,PL,PL,SG,bert,13.365257263183594
russian,17,0,Налоги на доходы из-за смены политического курса были повышены,PL-PL-PL,PL,PL,PL,bert,11.225312232971191
russian,18,0,Нападение на банк с применением холодного оружия было совершено,SG-SG-SG,SG,SG,SG,bert,14.401681900024414
russian,18,0,Нападение на банк с применением холодного оружия были совершены,SG-SG-PL,SG,SG,PL,bert,12.602313995361328
russian,18,0,Нападение на банки с применением холодного оружия было совершено,SG-PL-SG,SG,PL,SG,bert,14.550544738769531
russian,18,0,Нападение на банки с применением холодного оружия были совершены,SG-PL-PL,SG,PL,PL,bert,12.725536346435547
russian,18,0,Нападения на банк с применением холодного оружия было совершено,PL-SG-SG,PL,SG,SG,bert,14.978340148925781
russian,18,0,Нападения на банк с применением холодного оружия были совершены,PL-SG-PL,PL,SG,PL,bert,12.684296607971191
russian,18,0,Нападения на банки с применением холодного оружия было совершено,PL-PL-SG,PL,PL,SG,bert,15.131056785583496
russian,18,0,Нападения на банки с применением холодного оружия были совершены,PL-PL-PL,PL,PL,PL,bert,12.772599220275879
russian,19,0,Окно в сад из-за сильного холодного ветра было закрыто,SG-SG-SG,SG,SG,SG,bert,13.773963928222656
russian,19,0,Окно в сад из-за сильного холодного ветра были закрыты,SG-SG-PL,SG,SG,PL,bert,11.011699676513672
russian,19,0,Окно в сады из-за сильного холодного ветра было закрыто,SG-PL-SG,SG,PL,SG,bert,13.492549896240234
russian,19,0,Окно в сады из-за сильного холодного ветра были закрыты,SG-PL-PL,SG,PL,PL,bert,10.822214126586914
russian,19,0,Окна в сад из-за сильного холодного ветра было закрыто,PL-SG-SG,PL,SG,SG,bert,14.44141960144043
russian,19,0,Окна в сад из-за сильного холодного ветра были закрыты,PL-SG-PL,PL,SG,PL,bert,12.065746307373047
russian,19,0,Окна в сады из-за сильного холодного ветра было закрыто,PL-PL-SG,PL,PL,SG,bert,14.081174850463867
russian,19,0,Окна в сады из-за сильного холодного ветра были закрыты,PL-PL-PL,PL,PL,PL,bert,11.927593231201172
russian,20,0,Ответ на вопрос из-за недостаточного знания материала был неверным,SG-SG-SG,SG,SG,SG,bert,14.08914566040039
russian,20,0,Ответ на вопрос из-за недостаточного знания материала были неверными,SG-SG-PL,SG,SG,PL,bert,12.939628601074219
russian,20,0,Ответ на вопросы из-за недостаточного знания материала был неверным,SG-PL-SG,SG,PL,SG,bert,13.982481002807617
russian,20,0,Ответ на вопросы из-за недостаточного знания материала были неверными,SG-PL-PL,SG,PL,PL,bert,12.939421653747559
russian,20,0,Ответы на вопрос из-за недостаточного знания материала был неверным,PL-SG-SG,PL,SG,SG,bert,14.78057861328125
russian,20,0,Ответы на вопрос из-за недостаточного знания материала были неверными,PL-SG-PL,PL,SG,PL,bert,13.14667797088623
russian,20,0,Ответы на вопросы из-за недостаточного знания материала был неверным,PL-PL-SG,PL,PL,SG,bert,14.691999435424805
russian,20,0,Ответы на вопросы из-за недостаточного знания материала были неверными,PL-PL-PL,PL,PL,PL,bert,13.22787857055664
russian,21,0,Очередь в театр из-за большого наплыва туристов была бесконечной,SG-SG-SG,SG,SG,SG,bert,12.904777526855469
russian,21,0,Очередь в театр из-за большого наплыва туристов были бесконечными,SG-SG-PL,SG,SG,PL,bert,12.274699211120605
russian,21,0,Очередь в театры из-за большого наплыва туристов была бесконечной,SG-PL-SG,SG,PL,SG,bert,12.78300666809082
russian,21,0,Очередь в театры из-за большого наплыва туристов были бесконечными,SG-PL-PL,SG,PL,PL,bert,12.37567138671875
russian,21,0,Очереди в театр из-за большого наплыва туристов была бесконечной,PL-SG-SG,PL,SG,SG,bert,13.764524459838867
russian,21,0,Очереди в театр из-за большого наплыва туристов были бесконечными,PL-SG-PL,PL,SG,PL,bert,12.880857467651367
russian,21,0,Очереди в театры из-за большого наплыва туристов была бесконечной,PL-PL-SG,PL,PL,SG,bert,13.535087585449219
russian,21,0,Очереди в театры из-за большого наплыва туристов были бесконечными,PL-PL-PL,PL,PL,PL,bert,12.88848876953125
russian,22,0,Переправа через ручей из-за тяжёлых погодных условий была опасной,SG-SG-SG,SG,SG,SG,bert,12.60270881652832
russian,22,0,Переправа через ручей из-за тяжёлых погодных условий были опасными,SG-SG-PL,SG,SG,PL,bert,12.06986141204834
russian,22,0,Переправа через ручьи из-за тяжёлых погодных условий была опасной,SG-PL-SG,SG,PL,SG,bert,12.483185768127441
russian,22,0,Переправа через ручьи из-за тяжёлых погодных условий были опасными,SG-PL-PL,SG,PL,PL,bert,12.02459716796875
russian,22,0,Переправы через ручей из-за тяжёлых погодных условий была опасной,PL-SG-SG,PL,SG,SG,bert,13.309654235839844
russian,22,0,Переправы через ручей из-за тяжёлых погодных условий были опасными,PL-SG-PL,PL,SG,PL,bert,12.2991943359375
russian,22,0,Переправы через ручьи из-за тяжёлых погодных условий была опасной,PL-PL-SG,PL,PL,SG,bert,13.133041381835938
russian,22,0,Переправы через ручьи из-за тяжёлых погодных условий были опасными,PL-PL-PL,PL,PL,PL,bert,12.250081062316895
russian,23,0,Песня про поезд для большинства отставных машинистов была грустной,SG-SG-SG,SG,SG,SG,bert,13.728902816772461
russian,23,0,Песня про поезд для большинства отставных машинистов были грустными,SG-SG-PL,SG,SG,PL,bert,11.038564682006836
russian,23,0,Песня про поезда для большинства отставных машинистов была грустной,SG-PL-SG,SG,PL,SG,bert,13.72950267791748
russian,23,0,Песня про поезда для большинства отставных машинистов были грустными,SG-PL-PL,SG,PL,PL,bert,11.154463768005371
russian,23,0,Песни про поезд для большинства отставных машинистов была грустной,PL-SG-SG,PL,SG,SG,bert,14.901147842407227
russian,23,0,Песни про поезд для большинства отставных машинистов были грустными,PL-SG-PL,PL,SG,PL,bert,11.828282356262207
russian,23,0,Песни про поезда для большинства отставных машинистов была грустной,PL-PL-SG,PL,PL,SG,bert,14.890254020690918
russian,23,0,Песни про поезда для большинства отставных машинистов были грустными,PL-PL-PL,PL,PL,PL,bert,11.91590404510498
russian,24,0,Письмо про поход из маленького сибирского посёлка было отправлено,SG-SG-SG,SG,SG,SG,bert,14.193700790405273
russian,24,0,Письмо про поход из маленького сибирского посёлка были отправлены,SG-SG-PL,SG,SG,PL,bert,12.659042358398438
russian,24,0,Письмо про походы из маленького сибирского посёлка было отправлено,SG-PL-SG,SG,PL,SG,bert,14.12196159362793
russian,24,0,Письмо про походы из маленького сибирского посёлка были отправлены,SG-PL-PL,SG,PL,PL,bert,12.570113182067871
russian,24,0,Письма про поход из маленького сибирского посёлка было отправлено,PL-SG-SG,PL,SG,SG,bert,14.479196548461914
russian,24,0,Письма про поход из маленького сибирского посёлка были отправлены,PL-SG-PL,PL,SG,PL,bert,12.589847564697266
russian,24,0,Письма про походы из маленького сибирского посёлка было отправлено,PL-PL-SG,PL,PL,SG,bert,14.540422439575195
russian,24,0,Письма про походы из маленького сибирского посёлка были отправлены,PL-PL-PL,PL,PL,PL,bert,12.459010124206543
russian,25,0,План на выходной из-за визита назойливых родственников был разрушен,SG-SG-SG,SG,SG,SG,bert,12.479785919189453
russian,25,0,План на выходной из-за визита назойливых родственников были разрушены,SG-SG-PL,SG,SG,PL,bert,10.790842056274414
russian,25,0,План на выходные из-за визита назойливых родственников был разрушен,SG-PL-SG,SG,PL,SG,bert,12.323477745056152
russian,25,0,План на выходные из-за визита назойливых родственников были разрушены,SG-PL-PL,SG,PL,PL,bert,10.920969009399414
russian,25,0,Планы на выходной из-за визита назойливых родственников был разрушен,PL-SG-SG,PL,SG,SG,bert,12.84765625
russian,25,0,Планы на выходной из-за визита назойливых родственников были разрушены,PL-SG-PL,PL,SG,PL,bert,11.320764541625977
russian,25,0,Планы на выходные из-за визита назойливых родственников был разрушен,PL-PL-SG,PL,PL,SG,bert,12.904302597045898
russian,25,0,Планы на выходные из-за визита назойливых родственников были разрушены,PL-PL-PL,PL,PL,PL,bert,11.516908645629883
russian,26,0,Поездка на остров для молодых влюблённых студентов была незабываемой,SG-SG-SG,SG,SG,SG,bert,12.329465866088867
russian,26,0,Поездка на остров для молодых влюблённых студентов были незабываемыми,SG-SG-PL,SG,SG,PL,bert,12.267704963684082
russian,26,0,Поездка на острова для молодых влюблённых студентов была незабываемой,SG-PL-SG,SG,PL,SG,bert,12.27929401397705
russian,26,0,Поездка на острова для молодых влюблённых студентов были незабываемыми,SG-PL-PL,SG,PL,PL,bert,12.183629035949707
russian,26,0,Поездки на остров для молодых влюблённых студентов была незабываемой,PL-SG-SG,PL,SG,SG,bert,13.444583892822266
russian,26,0,Поездки на остров для молодых влюблённых студентов были незабываемыми,PL-SG-PL,PL,SG,PL,bert,12.479098320007324
russian,26,0,Поездки на острова для молодых влюблённых студентов была незабываемой,PL-PL-SG,PL,PL,SG,bert,13.324498176574707
russian,26,0,Поездки на острова для молодых влюблённых студентов были незабываемыми,PL-PL-PL,PL,PL,PL,bert,12.382049560546875
russian,27,0,Полёт через пролив из-за усилившегося северного ветра был запрещён,SG-SG-SG,SG,SG,SG,bert,13.246785163879395
russian,27,0,Полёт через пролив из-за усилившегося северного ветра были запрещены,SG-SG-PL,SG,SG,PL,bert,12.805356979370117
russian,27,0,Полёт через проливы из-за усилившегося северного ветра был запрещён,SG-PL-SG,SG,PL,SG,bert,13.246742248535156
russian,27,0,Полёт через проливы из-за усилившегося северного ветра были запрещены,SG-PL-PL,SG,PL,PL,bert,12.732229232788086
russian,27,0,Полёты через пролив из-за усилившегося северного ветра был запрещён,PL-SG-SG,PL,SG,SG,bert,13.56009578704834
russian,27,0,Полёты через пролив из-за усилившегося северного ветра были запрещены,PL-SG-PL,PL,SG,PL,bert,12.720367431640625
russian,27,0,Полёты через проливы из-за усилившегося северного ветра был запрещён,PL-PL-SG,PL,PL,SG,bert,13.497119903564453
russian,27,0,Полёты через проливы из-за усилившегося северного ветра были запрещены,PL-PL-PL,PL,PL,PL,bert,12.780475616455078
russian,28,0,Прогулка через парк для ценителей ландшафтного дизайна была приятной,SG-SG-SG,SG,SG,SG,bert,13.730911254882812
russian,28,0,Прогулка через парк для ценителей ландшафтного дизайна были приятными,SG-SG-PL,SG,SG,PL,bert,11.778528213500977
russian,28,0,Прогулка через парки для ценителей ландшафтного дизайна была приятной,SG-PL-SG,SG,PL,SG,bert,13.542569160461426
russian,28,0,Прогулка через парки для ценителей ландшафтного дизайна были приятными,SG-PL-PL,SG,PL,PL,bert,11.538914680480957
russian,28,0,Прогулки через парк для ценителей ландшафтного дизайна была приятной,PL-SG-SG,PL,SG,SG,bert,14.003180503845215
russian,28,0,Прогулки через парк для ценителей ландшафтного дизайна были приятными,PL-SG-PL,PL,SG,PL,bert,12.008235931396484
russian,28,0,Прогулки через парки для ценителей ландшафтного дизайна была приятной,PL-PL-SG,PL,PL,SG,bert,13.862857818603516
russian,28,0,Прогулки через парки для ценителей ландшафтного дизайна были приятными,PL-PL-PL,PL,PL,PL,bert,11.880642890930176
russian,29,0,Прыжок через костёр для обладателей коротких ног был рискованным,SG-SG-SG,SG,SG,SG,bert,11.676065444946289
russian,29,0,Прыжок через костёр для обладателей коротких ног были рискованными,SG-SG-PL,SG,SG,PL,bert,11.394510269165039
russian,29,0,Прыжок через костры для обладателей коротких ног был рискованным,SG-PL-SG,SG,PL,SG,bert,11.593875885009766
russian,29,0,Прыжок через костры для обладателей коротких ног были рискованными,SG-PL-PL,SG,PL,PL,bert,11.323145866394043
russian,29,0,Прыжки через костёр для обладателей коротких ног был рискованным,PL-SG-SG,PL,SG,SG,bert,12.795866966247559
russian,29,0,Прыжки через костёр для обладателей коротких ног были рискованными,PL-SG-PL,PL,SG,PL,bert,12.397252082824707
russian,29,0,Прыжки через костры для обладателей коротких ног был рискованным,PL-PL-SG,PL,PL,SG,bert,12.662994384765625
russian,29,0,Прыжки через костры для обладателей коротких ног были рискованными,PL-PL-PL,PL,PL,PL,bert,12.328601837158203
russian,30,0,Путешествие на курорт для членов большой семьи было приятным,SG-SG-SG,SG,SG,SG,bert,11.301085472106934
russian,30,0,Путешествие на курорт для членов большой семьи были приятными,SG-SG-PL,SG,SG,PL,bert,12.066109657287598
russian,30,0,Путешествие на курорты для членов большой семьи было приятным,SG-PL-SG,SG,PL,SG,bert,11.424480438232422
russian,30,0,Путешествие на курорты для членов большой семьи были приятными,SG-PL-PL,SG,PL,PL,bert,12.135276794433594
russian,30,0,Путешествия на курорт для членов большой семьи было приятным,PL-SG-SG,PL,SG,SG,bert,11.663189888000488
russian,30,0,Путешествия на курорт для членов большой семьи были приятными,PL-SG-PL,PL,SG,PL,bert,11.943095207214355
russian,30,0,Путешествия на курорты для членов большой семьи было приятным,PL-PL-SG,PL,PL,SG,bert,11.869331359863281
russian,30,0,Путешествия на курорты для членов большой семьи были приятными,PL-PL-PL,PL,PL,PL,bert,11.975034713745117
russian,31,0,Рецепт на порошок из-за частого предъявления аптекарям был мятым,SG-SG-SG,SG,SG,SG,bert,12.87030029296875
russian,31,0,Рецепт на порошок из-за частого предъявления аптекарям были мятыми,SG-SG-PL,SG,SG,PL,bert,11.986927032470703
russian,31,0,Рецепт на порошки из-за частого предъявления аптекарям был мятым,SG-PL-SG,SG,PL,SG,bert,12.646142959594727
russian,31,0,Рецепт на порошки из-за частого предъявления аптекарям были мятыми,SG-PL-PL,SG,PL,PL,bert,11.774686813354492
russian,31,0,Рецепты на порошок из-за частого предъявления аптекарям был мятым,PL-SG-SG,PL,SG,SG,bert,12.741714477539062
russian,31,0,Рецепты на порошок из-за частого предъявления аптекарям были мятыми,PL-SG-PL,PL,SG,PL,bert,11.859052658081055
russian,31,0,Рецепты на порошки из-за частого предъявления аптекарям был мятым,PL-PL-SG,PL,PL,SG,bert,12.515226364135742
russian,31,0,Рецепты на порошки из-за частого предъявления аптекарям были мятыми,PL-PL-PL,PL,PL,PL,bert,11.69783878326416
russian,32,0,Ссылка на сайт в списке источников статьи была дана,SG-SG-SG,SG,SG,SG,bert,12.134626388549805
russian,32,0,Ссылка на сайт в списке источников статьи были даны,SG-SG-PL,SG,SG,PL,bert,12.787569999694824
russian,32,0,Ссылка на сайты в списке источников статьи была дана,SG-PL-SG,SG,PL,SG,bert,12.115093231201172
russian,32,0,Ссылка на сайты в списке источников статьи были даны,SG-PL-PL,SG,PL,PL,bert,12.73945426940918
russian,32,0,Ссылки на сайт в списке источников статьи была дана,PL-SG-SG,PL,SG,SG,bert,12.656872749328613
russian,32,0,Ссылки на сайт в списке источников статьи были даны,PL-SG-PL,PL,SG,PL,bert,12.809563636779785
russian,32,0,Ссылки на сайты в списке источников статьи была дана,PL-PL-SG,PL,PL,SG,bert,12.655920028686523
russian,32,0,Ссылки на сайты в списке источников статьи были даны,PL-PL-PL,PL,PL,PL,bert,12.777494430541992
russian,33,0,Талон на обед во время большой перемены был выдан,SG-SG-SG,SG,SG,SG,bert,13.286504745483398
russian,33,0,Талон на обед во время большой перемены были выданы,SG-SG-PL,SG,SG,PL,bert,11.357734680175781
russian,33,0,Талон на обеды во время большой перемены был выдан,SG-PL-SG,SG,PL,SG,bert,13.24343204498291
russian,33,0,Талон на обеды во время большой перемены были выданы,SG-PL-PL,SG,PL,PL,bert,11.241628646850586
russian,33,0,Талоны на обед во время большой перемены был выдан,PL-SG-SG,PL,SG,SG,bert,13.878003120422363
russian,33,0,Талоны на обед во время большой перемены были выданы,PL-SG-PL,PL,SG,PL,bert,11.552721977233887
russian,33,0,Талоны на обеды во время большой перемены был выдан,PL-PL-SG,PL,PL,SG,bert,13.750015258789062
russian,33,0,Талоны на обеды во время большой перемены были выданы,PL-PL-PL,PL,PL,PL,bert,11.560335159301758
russian,34,0,Ткань на пиджак в каталоге весенней коллекции была подобрана,SG-SG-SG,SG,SG,SG,bert,11.355116844177246
russian,34,0,Ткань на пиджак в каталоге весенней коллекции были подобраны,SG-SG-PL,SG,SG,PL,bert,11.749139785766602
russian,34,0,Ткань на пиджаки в каталоге весенней коллекции была подобрана,SG-PL-SG,SG,PL,SG,bert,11.409948348999023
russian,34,0,Ткань на пиджаки в каталоге весенней коллекции были подобраны,SG-PL-PL,SG,PL,PL,bert,11.725741386413574
russian,34,0,Ткани на пиджак в каталоге весенней коллекции была подобрана,PL-SG-SG,PL,SG,SG,bert,12.108312606811523
russian,34,0,Ткани на пиджак в каталоге весенней коллекции были подобраны,PL-SG-PL,PL,SG,PL,bert,11.795433044433594
russian,34,0,Ткани на пиджаки в каталоге весенней коллекции была подобрана,PL-PL-SG,PL,PL,SG,bert,12.06488037109375
russian,34,0,Ткани на пиджаки в каталоге весенней коллекции были подобраны,PL-PL-PL,PL,PL,PL,bert,11.853407859802246
russian,35,0,Трасса через поле по меркам местных жителей была новой,SG-SG-SG,SG,SG,SG,bert,11.590314865112305
russian,35,0,Трасса через поле по меркам местных жителей были новыми,SG-SG-PL,SG,SG,PL,bert,9.359882354736328
russian,35,0,Трасса через поля по меркам местных жителей была новой,SG-PL-SG,SG,PL,SG,bert,11.735527038574219
russian,35,0,Трасса через поля по меркам местных жителей были новыми,SG-PL-PL,SG,PL,PL,bert,9.294601440429688
russian,35,0,Трассы через поле по меркам местных жителей была новой,PL-SG-SG,PL,SG,SG,bert,12.97396183013916
russian,35,0,Трассы через поле по меркам местных жителей были новыми,PL-SG-PL,PL,SG,PL,bert,10.389176368713379
russian,35,0,Трассы через поля по меркам местных жителей была новой,PL-PL-SG,PL,PL,SG,bert,12.882102966308594
russian,35,0,Трассы через поля по меркам местных жителей были новыми,PL-PL-PL,PL,PL,PL,bert,10.245330810546875
russian,36,0,Тропинка через луг во время деревенской ярмарки была протоптана,SG-SG-SG,SG,SG,SG,bert,12.655961990356445
russian,36,0,Тропинка через луг во время деревенской ярмарки были протоптаны,SG-SG-PL,SG,SG,PL,bert,12.525527954101562
russian,36,0,Тропинка через луга во время деревенской ярмарки была протоптана,SG-PL-SG,SG,PL,SG,bert,12.545530319213867
russian,36,0,Тропинка через луга во время деревенской ярмарки были протоптаны,SG-PL-PL,SG,PL,PL,bert,12.336465835571289
russian,36,0,Тропинки через луг во время деревенской ярмарки была протоптана,PL-SG-SG,PL,SG,SG,bert,13.357114791870117
russian,36,0,Тропинки через луг во время деревенской ярмарки были протоптаны,PL-SG-PL,PL,SG,PL,bert,12.78311538696289
russian,36,0,Тропинки через луга во время деревенской ярмарки была протоптана,PL-PL-SG,PL,PL,SG,bert,13.235401153564453
russian,36,0,Тропинки через луга во время деревенской ярмарки были протоптаны,PL-PL-PL,PL,PL,PL,bert,12.624649047851562
russian,37,0,Тур на озеро для участников последней поездки был незабываемым,SG-SG-SG,SG,SG,SG,bert,12.642276763916016
russian,37,0,Тур на озеро для участников последней поездки были незабываемыми,SG-SG-PL,SG,SG,PL,bert,12.232097625732422
russian,37,0,Тур на озёра для участников последней поездки был незабываемым,SG-PL-SG,SG,PL,SG,bert,12.551837921142578
russian,37,0,Тур на озёра для участников последней поездки были незабываемыми,SG-PL-PL,SG,PL,PL,bert,12.188392639160156
russian,37,0,Туры на озеро для участников последней поездки был незабываемым,PL-SG-SG,PL,SG,SG,bert,13.138147354125977
russian,37,0,Туры на озеро для участников последней поездки были незабываемыми,PL-SG-PL,PL,SG,PL,bert,12.370112419128418
russian,37,0,Туры на озёра для участников последней поездки был незабываемым,PL-PL-SG,PL,PL,SG,bert,13.058127403259277
russian,37,0,Туры на озёра для участников последней поездки были незабываемыми,PL-PL-PL,PL,PL,PL,bert,12.313770294189453
russian,38,0,Удар в колено для юных неопытных борцов был болезненным,SG-SG-SG,SG,SG,SG,bert,12.554311752319336
russian,38,0,Удар в колено для юных неопытных борцов были болезненными,SG-SG-PL,SG,SG,PL,bert,11.733133316040039
russian,38,0,Удар в колени для юных неопытных борцов был болезненным,SG-PL-SG,SG,PL,SG,bert,12.700904846191406
russian,38,0,Удар в колени для юных неопытных борцов были болезненными,SG-PL-PL,SG,PL,PL,bert,11.923454284667969
russian,38,0,Удары в колено для юных неопытных борцов был болезненным,PL-SG-SG,PL,SG,SG,bert,12.864739418029785
russian,38,0,Удары в колено для юных неопытных борцов были болезненными,PL-SG-PL,PL,SG,PL,bert,12.118919372558594
russian,38,0,Удары в колени для юных неопытных борцов был болезненным,PL-PL-SG,PL,PL,SG,bert,12.888141632080078
russian,38,0,Удары в колени для юных неопытных борцов были болезненными,PL-PL-PL,PL,PL,PL,bert,12.161518096923828
russian,39,0,Цена на продукт из-за плохого качества сырья была низкой,SG-SG-SG,SG,SG,SG,bert,11.423651695251465
russian,39,0,Цена на продукт из-за плохого качества сырья были низкими,SG-SG-PL,SG,SG,PL,bert,11.305736541748047
russian,39,0,Цена на продукты из-за плохого качества сырья была низкой,SG-PL-SG,SG,PL,SG,bert,11.421429634094238
russian,39,0,Цена на продукты из-за плохого качества сырья были низкими,SG-PL-PL,SG,PL,PL,bert,11.272576332092285
russian,39,0,Цены на продукт из-за плохого качества сырья была низкой,PL-SG-SG,PL,SG,SG,bert,12.571067810058594
russian,39,0,Цены на продукт из-за плохого качества сырья были низкими,PL-SG-PL,PL,SG,PL,bert,11.58935546875
russian,39,0,Цены на продукты из-за плохого качества сырья была низкой,PL-PL-SG,PL,PL,SG,bert,12.676164627075195
russian,39,0,Цены на продукты из-за плохого качества сырья были низкими,PL-PL-PL,PL,PL,PL,bert,11.596712112426758
russian,40,0,Штраф за прогул в целях воспитания сотрудников был введён,SG-SG-SG,SG,SG,SG,bert,13.697497367858887
russian,40,0,Штраф за прогул в целях воспитания сотрудников были введены,SG-SG-PL,SG,SG,PL,bert,12.31797981262207
russian,40,0,Штраф за прогулы в целях воспитания сотрудников был введён,SG-PL-SG,SG,PL,SG,bert,13.621180534362793
russian,40,0,Штраф за прогулы в целях воспитания сотрудников были введены,SG-PL-PL,SG,PL,PL,bert,12.303004264831543
russian,40,0,Штрафы за прогул в целях воспитания сотрудников был введён,PL-SG-SG,PL,SG,SG,bert,14.464330673217773
russian,40,0,Штрафы за прогул в целях воспитания сотрудников были введены,PL-SG-PL,PL,SG,PL,bert,12.045166015625
russian,40,0,Штрафы за прогулы в целях воспитания сотрудников был введён,PL-PL-SG,PL,PL,SG,bert,14.367776870727539
russian,40,0,Штрафы за прогулы в целях воспитания сотрудников были введены,PL-PL-PL,PL,PL,PL,bert,12.02396297454834
russian,41,1,Аргумент против обвинения для адвоката пострадавшей стороны был сокрушительным,SG-SG-SG,SG,SG,SG,bert,11.469240188598633
russian,41,1,Аргумент против обвинения для адвоката пострадавшей стороны были сокрушительными,SG-SG-PL,SG,SG,PL,bert,11.210811614990234
russian,41,1,Аргумент против обвинений для адвоката пострадавшей стороны был сокрушительным,SG-PL-SG,SG,PL,SG,bert,11.54575252532959
russian,41,1,Аргумент против обвинений для адвоката пострадавшей стороны были сокрушительными,SG-PL-PL,SG,PL,PL,bert,11.254657745361328
russian,41,1,Аргументы против обвинения для адвоката пострадавшей стороны был сокрушительным,PL-SG-SG,PL,SG,SG,bert,12.371824264526367
russian,41,1,Аргументы против обвинения для адвоката пострадавшей стороны были сокрушительными,PL-SG-PL,PL,SG,PL,bert,11.443897247314453
russian,41,1,Аргументы против обвинений для адвоката пострадавшей стороны был сокрушительным,PL-PL-SG,PL,PL,SG,bert,12.415925025939941
russian,41,1,Аргументы против обвинений для адвоката пострадавшей стороны были сокрушительными,PL-PL-PL,PL,PL,PL,bert,11.429457664489746
russian,42,1,Видеозапись с лекции для пропустивших занятия студентов была содержательной,SG-SG-SG,SG,SG,SG,bert,13.25334358215332
russian,42,1,Видеозапись с лекции для пропустивших занятия студентов были содержательными,SG-SG-PL,SG,SG,PL,bert,11.0780668258667
russian,42,1,Видеозапись с лекций для пропустивших занятия студентов была содержательной,SG-PL-SG,SG,PL,SG,bert,13.25334358215332
russian,42,1,Видеозапись с лекций для пропустивших занятия студентов были содержательными,SG-PL-PL,SG,PL,PL,bert,11.0780668258667
russian,42,1,Видеозаписи с лекции для пропустивших занятия студентов была содержательной,PL-SG-SG,PL,SG,SG,bert,14.037981033325195
russian,42,1,Видеозаписи с лекции для пропустивших занятия студентов были содержательными,PL-SG-PL,PL,SG,PL,bert,11.801393508911133
russian,42,1,Видеозаписи с лекций для пропустивших занятия студентов была содержательной,PL-PL-SG,PL,PL,SG,bert,14.037981033325195
russian,42,1,Видеозаписи с лекций для пропустивших занятия студентов были содержательными,PL-PL-PL,PL,PL,PL,bert,11.801393508911133
russian,43,1,Вывод из поражения из-за тщательного анализа ситуации был верным,SG-SG-SG,SG,SG,SG,bert,12.422922134399414
russian,43,1,Вывод из поражения из-за тщательного анализа ситуации были верными,SG-SG-PL,SG,SG,PL,bert,12.820280075073242
russian,43,1,Вывод из поражений из-за тщательного анализа ситуации был верным,SG-PL-SG,SG,PL,SG,bert,12.123027801513672
russian,43,1,Вывод из поражений из-за тщательного анализа ситуации были верными,SG-PL-PL,SG,PL,PL,bert,12.841880798339844
russian,43,1,Выводы из поражения из-за тщательного анализа ситуации был верным,PL-SG-SG,PL,SG,SG,bert,13.439882278442383
russian,43,1,Выводы из поражения из-за тщательного анализа ситуации были верными,PL-SG-PL,PL,SG,PL,bert,12.86349868774414
russian,43,1,Выводы из поражений из-за тщательного анализа ситуации был верным,PL-PL-SG,PL,PL,SG,bert,13.049093246459961
russian,43,1,Выводы из поражений из-за тщательного анализа ситуации были верными,PL-PL-PL,PL,PL,PL,bert,12.742199897766113
russian,44,1,Выдержка из книги для упрощения процесса запоминания была краткой,SG-SG-SG,SG,SG,SG,bert,13.021455764770508
russian,44,1,Выдержка из книги для упрощения процесса запоминания были краткими,SG-SG-PL,SG,SG,PL,bert,12.122358322143555
russian,44,1,Выдержка из книг для упрощения процесса запоминания была краткой,SG-PL-SG,SG,PL,SG,bert,12.95376205444336
russian,44,1,Выдержка из книг для упрощения процесса запоминания были краткими,SG-PL-PL,SG,PL,PL,bert,12.100160598754883
russian,44,1,Выдержки из книги для упрощения процесса запоминания была краткой,PL-SG-SG,PL,SG,SG,bert,13.049560546875
russian,44,1,Выдержки из книги для упрощения процесса запоминания были краткими,PL-SG-PL,PL,SG,PL,bert,12.407207489013672
russian,44,1,Выдержки из книг для упрощения процесса запоминания была краткой,PL-PL-SG,PL,PL,SG,bert,12.951032638549805
russian,44,1,Выдержки из книг для упрощения процесса запоминания были краткими,PL-PL-PL,PL,PL,PL,bert,12.420162200927734
russian,45,1,Выписка из программы во время затянувшегося заседания была сделана,SG-SG-SG,SG,SG,SG,bert,12.564643859863281
russian,45,1,Выписка из программы во время затянувшегося заседания были сделаны,SG-SG-PL,SG,SG,PL,bert,11.265451431274414
russian,45,1,Выписка из программ во время затянувшегося заседания была сделана,SG-PL-SG,SG,PL,SG,bert,12.5731201171875
russian,45,1,Выписка из программ во время затянувшегося заседания были сделаны,SG-PL-PL,SG,PL,PL,bert,11.282698631286621
russian,45,1,Выписки из программы во время затянувшегося заседания была сделана,PL-SG-SG,PL,SG,SG,bert,12.571157455444336
russian,45,1,Выписки из программы во время затянувшегося заседания были сделаны,PL-SG-PL,PL,SG,PL,bert,11.345744132995605
russian,45,1,Выписки из программ во время затянувшегося заседания была сделана,PL-PL-SG,PL,PL,SG,bert,12.676383972167969
russian,45,1,Выписки из программ во время затянувшегося заседания были сделаны,PL-PL-PL,PL,PL,PL,bert,11.356481552124023
russian,46,1,Выход из ситуации для опытного школьного психолога был очевидным,SG-SG-SG,SG,SG,SG,bert,13.381043434143066
russian,46,1,Выход из ситуации для опытного школьного психолога были очевидными,SG-SG-PL,SG,SG,PL,bert,12.022130966186523
russian,46,1,Выход из ситуаций для опытного школьного психолога был очевидным,SG-PL-SG,SG,PL,SG,bert,13.381043434143066
russian,46,1,Выход из ситуаций для опытного школьного психолога были очевидными,SG-PL-PL,SG,PL,PL,bert,12.022130966186523
russian,46,1,Выходы из ситуации для опытного школьного психолога был очевидным,PL-SG-SG,PL,SG,SG,bert,14.052719116210938
russian,46,1,Выходы из ситуации для опытного школьного психолога были очевидными,PL-SG-PL,PL,SG,PL,bert,12.355613708496094
russian,46,1,Выходы из ситуаций для опытного школьного психолога был очевидным,PL-PL-SG,PL,PL,SG,bert,14.052719116210938
russian,46,1,Выходы из ситуаций для опытного школьного психолога были очевидными,PL-PL-PL,PL,PL,PL,bert,12.355613708496094
russian,47,1,Доска для афиши к ограде маленького театра была прибита,SG-SG-SG,SG,SG,SG,bert,11.90629768371582
russian,47,1,Доска для афиши к ограде маленького театра были прибиты,SG-SG-PL,SG,SG,PL,bert,11.16029167175293
russian,47,1,Доска для афиш к ограде маленького театра была прибита,SG-PL-SG,SG,PL,SG,bert,11.810007095336914
russian,47,1,Доска для афиш к ограде маленького театра были прибиты,SG-PL-PL,SG,PL,PL,bert,10.975988388061523
russian,47,1,Доски для афиши к ограде маленького театра была прибита,PL-SG-SG,PL,SG,SG,bert,12.967424392700195
russian,47,1,Доски для афиши к ограде маленького театра были прибиты,PL-SG-PL,PL,SG,PL,bert,11.778902053833008
russian,47,1,Доски для афиш к ограде маленького театра была прибита,PL-PL-SG,PL,PL,SG,bert,12.906048774719238
russian,47,1,Доски для афиш к ограде маленького театра были прибиты,PL-PL-PL,PL,PL,PL,bert,11.633977890014648
russian,48,1,Задержка из-за наводнения из-за отсутствия достоверной информации была пугающей,SG-SG-SG,SG,SG,SG,bert,11.65376091003418
russian,48,1,Задержка из-за наводнения из-за отсутствия достоверной информации были пугающими,SG-SG-PL,SG,SG,PL,bert,10.244625091552734
russian,48,1,Задержка из-за наводнений из-за отсутствия достоверной информации была пугающей,SG-PL-SG,SG,PL,SG,bert,11.704386711120605
russian,48,1,Задержка из-за наводнений из-за отсутствия достоверной информации были пугающими,SG-PL-PL,SG,PL,PL,bert,10.230091094970703
russian,48,1,Задержки из-за наводнения из-за отсутствия достоверной информации была пугающей,PL-SG-SG,PL,SG,SG,bert,12.328476905822754
russian,48,1,Задержки из-за наводнения из-за отсутствия достоверной информации были пугающими,PL-SG-PL,PL,SG,PL,bert,10.706132888793945
russian,48,1,Задержки из-за наводнений из-за отсутствия достоверной информации была пугающей,PL-PL-SG,PL,PL,SG,bert,12.376724243164062
russian,48,1,Задержки из-за наводнений из-за отсутствия достоверной информации были пугающими,PL-PL-PL,PL,PL,PL,bert,10.707450866699219
russian,49,1,Зал для заседания по масштабам небольшого городка был громадным,SG-SG-SG,SG,SG,SG,bert,10.409621238708496
russian,49,1,Зал для заседания по масштабам небольшого городка были громадными,SG-SG-PL,SG,SG,PL,bert,10.0073823928833
russian,49,1,Зал для заседаний по масштабам небольшого городка был громадным,SG-PL-SG,SG,PL,SG,bert,10.186249732971191
russian,49,1,Зал для заседаний по масштабам небольшого городка были громадными,SG-PL-PL,SG,PL,PL,bert,9.863216400146484
russian,49,1,Залы для заседания по масштабам небольшого городка был громадным,PL-SG-SG,PL,SG,SG,bert,11.220819473266602
russian,49,1,Залы для заседания по масштабам небольшого городка были громадными,PL-SG-PL,PL,SG,PL,bert,10.994646072387695
russian,49,1,Залы для заседаний по масштабам небольшого городка был громадным,PL-PL-SG,PL,PL,SG,bert,11.0364990234375
russian,49,1,Залы для заседаний по масштабам небольшого городка были громадными,PL-PL-PL,PL,PL,PL,bert,10.908828735351562
russian,50,1,Запчасть для иномарки по меркам современного автовладельца была старой,SG-SG-SG,SG,SG,SG,bert,12.288396835327148
russian,50,1,Запчасть для иномарки по меркам современного автовладельца были старыми,SG-SG-PL,SG,SG,PL,bert,9.796392440795898
russian,50,1,Запчасть для иномарок по меркам современного автовладельца была старой,SG-PL-SG,SG,PL,SG,bert,12.395223617553711
russian,50,1,Запчасть для иномарок по меркам современного автовладельца были старыми,SG-PL-PL,SG,PL,PL,bert,9.899221420288086
russian,50,1,Запчасти для иномарки по меркам современного автовладельца была старой,PL-SG-SG,PL,SG,SG,bert,12.952108383178711
russian,50,1,Запчасти для иномарки по меркам современного автовладельца были старыми,PL-SG-PL,PL,SG,PL,bert,10.476432800292969
russian,50,1,Запчасти для иномарок по меркам современного автовладельца была старой,PL-PL-SG,PL,PL,SG,bert,13.041470527648926
russian,50,1,Запчасти для иномарок по меркам современного автовладельца были старыми,PL-PL-PL,PL,PL,PL,bert,10.598614692687988
russian,51,1,Исключение из правила на аккуратно свёрнутую шпаргалку было выписано,SG-SG-SG,SG,SG,SG,bert,13.236194610595703
russian,51,1,Исключение из правила на аккуратно свёрнутую шпаргалку были выписаны,SG-SG-PL,SG,SG,PL,bert,12.142327308654785
russian,51,1,Исключение из правил на аккуратно свёрнутую шпаргалку было выписано,SG-PL-SG,SG,PL,SG,bert,12.98713207244873
russian,51,1,Исключение из правил на аккуратно свёрнутую шпаргалку были выписаны,SG-PL-PL,SG,PL,PL,bert,12.11561107635498
russian,51,1,Исключения из правила на аккуратно свёрнутую шпаргалку было выписано,PL-SG-SG,PL,SG,SG,bert,13.806182861328125
russian,51,1,Исключения из правила на аккуратно свёрнутую шпаргалку были выписаны,PL-SG-PL,PL,SG,PL,bert,12.041744232177734
russian,51,1,Исключения из правил на аккуратно свёрнутую шпаргалку было выписано,PL-PL-SG,PL,PL,SG,bert,13.539324760437012
russian,51,1,Исключения из правил на аккуратно свёрнутую шпаргалку были выписаны,PL-PL-PL,PL,PL,PL,bert,12.011968612670898
russian,52,1,Истерика из-за оценки по мнению родителей девочки была бурной,SG-SG-SG,SG,SG,SG,bert,12.597990989685059
russian,52,1,Истерика из-за оценки по мнению родителей девочки были бурными,SG-SG-PL,SG,SG,PL,bert,11.632131576538086
russian,52,1,Истерика из-за оценок по мнению родителей девочки была бурной,SG-PL-SG,SG,PL,SG,bert,12.86270809173584
russian,52,1,Истерика из-за оценок по мнению родителей девочки были бурными,SG-PL-PL,SG,PL,PL,bert,11.795743942260742
russian,52,1,Истерики из-за оценки по мнению родителей девочки была бурной,PL-SG-SG,PL,SG,SG,bert,13.382373809814453
russian,52,1,Истерики из-за оценки по мнению родителей девочки были бурными,PL-SG-PL,PL,SG,PL,bert,11.917309761047363
russian,52,1,Истерики из-за оценок по мнению родителей девочки была бурной,PL-PL-SG,PL,PL,SG,bert,13.543190002441406
russian,52,1,Истерики из-за оценок по мнению родителей девочки были бурными,PL-PL-PL,PL,PL,PL,bert,12.067028045654297
russian,53,1,Камень для ограды с лучшей итальянской каменоломни был завезён,SG-SG-SG,SG,SG,SG,bert,13.556026458740234
russian,53,1,Камень для ограды с лучшей итальянской каменоломни были завезены,SG-SG-PL,SG,SG,PL,bert,12.159584045410156
russian,53,1,Камень для оград с лучшей итальянской каменоломни был завезён,SG-PL-SG,SG,PL,SG,bert,13.609142303466797
russian,53,1,Камень для оград с лучшей итальянской каменоломни были завезены,SG-PL-PL,SG,PL,PL,bert,12.150956153869629
russian,53,1,Камни для ограды с лучшей итальянской каменоломни был завезён,PL-SG-SG,PL,SG,SG,bert,13.952677726745605
russian,53,1,Камни для ограды с лучшей итальянской каменоломни были завезены,PL-SG-PL,PL,SG,PL,bert,12.068647384643555
russian,53,1,Камни для оград с лучшей итальянской каменоломни был завезён,PL-PL-SG,PL,PL,SG,bert,14.00550651550293
russian,53,1,Камни для оград с лучшей итальянской каменоломни были завезены,PL-PL-PL,PL,PL,PL,bert,12.092737197875977
russian,54,1,Кирпич для дачи со склада бракованной продукции был привезён,SG-SG-SG,SG,SG,SG,bert,13.765056610107422
russian,54,1,Кирпич для дачи со склада бракованной продукции были привезены,SG-SG-PL,SG,SG,PL,bert,11.912605285644531
russian,54,1,Кирпич для дач со склада бракованной продукции был привезён,SG-PL-SG,SG,PL,SG,bert,13.802663803100586
russian,54,1,Кирпич для дач со склада бракованной продукции были привезены,SG-PL-PL,SG,PL,PL,bert,11.627907752990723
russian,54,1,Кирпичи для дачи со склада бракованной продукции был привезён,PL-SG-SG,PL,SG,SG,bert,14.156973838806152
russian,54,1,Кирпичи для дачи со склада бракованной продукции были привезены,PL-SG-PL,PL,SG,PL,bert,12.157358169555664
russian,54,1,Кирпичи для дач со склада бракованной продукции был привезён,PL-PL-SG,PL,PL,SG,bert,14.124873161315918
russian,54,1,Кирпичи для дач со склада бракованной продукции были привезены,PL-PL-PL,PL,PL,PL,bert,12.117179870605469
russian,55,1,Ключ от шкатулки из-за высокой влажности воздуха был ржавым,SG-SG-SG,SG,SG,SG,bert,13.256612777709961
russian,55,1,Ключ от шкатулки из-за высокой влажности воздуха были ржавыми,SG-SG-PL,SG,SG,PL,bert,13.115256309509277
russian,55,1,Ключ от шкатулок из-за высокой влажности воздуха был ржавым,SG-PL-SG,SG,PL,SG,bert,13.15752124786377
russian,55,1,Ключ от шкатулок из-за высокой влажности воздуха были ржавыми,SG-PL-PL,SG,PL,PL,bert,13.04118537902832
russian,55,1,Ключи от шкатулки из-за высокой влажности воздуха был ржавым,PL-SG-SG,PL,SG,SG,bert,14.034570693969727
russian,55,1,Ключи от шкатулки из-за высокой влажности воздуха были ржавыми,PL-SG-PL,PL,SG,PL,bert,13.330707550048828
russian,55,1,Ключи от шкатулок из-за высокой влажности воздуха был ржавым,PL-PL-SG,PL,PL,SG,bert,13.976858139038086
russian,55,1,Ключи от шкатулок из-за высокой влажности воздуха были ржавыми,PL-PL-PL,PL,PL,PL,bert,13.270362854003906
russian,56,1,Комната для вечеринки из-за малого количества мебели была просторной,SG-SG-SG,SG,SG,SG,bert,14.048030853271484
russian,56,1,Комната для вечеринки из-за малого количества мебели были просторными,SG-SG-PL,SG,SG,PL,bert,11.2489013671875
russian,56,1,Комната для вечеринок из-за малого количества мебели была просторной,SG-PL-SG,SG,PL,SG,bert,14.124698638916016
russian,56,1,Комната для вечеринок из-за малого количества мебели были просторными,SG-PL-PL,SG,PL,PL,bert,11.300870895385742
russian,56,1,Комнаты для вечеринки из-за малого количества мебели была просторной,PL-SG-SG,PL,SG,SG,bert,14.57905387878418
russian,56,1,Комнаты для вечеринки из-за малого количества мебели были просторными,PL-SG-PL,PL,SG,PL,bert,11.805938720703125
russian,56,1,Комнаты для вечеринок из-за малого количества мебели была просторной,PL-PL-SG,PL,PL,SG,bert,14.666946411132812
russian,56,1,Комнаты для вечеринок из-за малого количества мебели были просторными,PL-PL-PL,PL,PL,PL,bert,11.88703727722168
russian,57,1,Кондиционер для помещения из-за ошибки заводских сборщиков был неисправен,SG-SG-SG,SG,SG,SG,bert,14.041324615478516
russian,57,1,Кондиционер для помещения из-за ошибки заводских сборщиков были неисправны,SG-SG-PL,SG,SG,PL,bert,13.104129791259766
russian,57,1,Кондиционер для помещений из-за ошибки заводских сборщиков был неисправен,SG-PL-SG,SG,PL,SG,bert,14.004196166992188
russian,57,1,Кондиционер для помещений из-за ошибки заводских сборщиков были неисправны,SG-PL-PL,SG,PL,PL,bert,13.025351524353027
russian,57,1,Кондиционеры для помещения из-за ошибки заводских сборщиков был неисправен,PL-SG-SG,PL,SG,SG,bert,14.197908401489258
russian,57,1,Кондиционеры для помещения из-за ошибки заводских сборщиков были неисправны,PL-SG-PL,PL,SG,PL,bert,13.143856048583984
russian,57,1,Кондиционеры для помещений из-за ошибки заводских сборщиков был неисправен,PL-PL-SG,PL,PL,SG,bert,14.177215576171875
russian,57,1,Кондиционеры для помещений из-за ошибки заводских сборщиков были неисправны,PL-PL-PL,PL,PL,PL,bert,13.040315628051758
russian,58,1,Коробка для краски из-за экологических убеждений производителя была картонной,SG-SG-SG,SG,SG,SG,bert,14.798842430114746
russian,58,1,Коробка для краски из-за экологических убеждений производителя были картонными,SG-SG-PL,SG,SG,PL,bert,11.096729278564453
russian,58,1,Коробка для красок из-за экологических убеждений производителя была картонной,SG-PL-SG,SG,PL,SG,bert,14.316690444946289
russian,58,1,Коробка для красок из-за экологических убеждений производителя были картонными,SG-PL-PL,SG,PL,PL,bert,10.90625
russian,58,1,Коробки для краски из-за экологических убеждений производителя была картонной,PL-SG-SG,PL,SG,SG,bert,15.109146118164062
russian,58,1,Коробки для краски из-за экологических убеждений производителя были картонными,PL-SG-PL,PL,SG,PL,bert,12.22330093383789
russian,58,1,Коробки для красок из-за экологических убеждений производителя была картонной,PL-PL-SG,PL,PL,SG,bert,14.72067928314209
russian,58,1,Коробки для красок из-за экологических убеждений производителя были картонными,PL-PL-PL,PL,PL,PL,bert,12.07027816772461
russian,59,1,Лекарство от болезни для отдельных категорий граждан было доступным,SG-SG-SG,SG,SG,SG,bert,12.909736633300781
russian,59,1,Лекарство от болезни для отдельных категорий граждан были доступными,SG-SG-PL,SG,SG,PL,bert,11.961132049560547
russian,59,1,Лекарство от болезней для отдельных категорий граждан было доступным,SG-PL-SG,SG,PL,SG,bert,12.94686508178711
russian,59,1,Лекарство от болезней для отдельных категорий граждан были доступными,SG-PL-PL,SG,PL,PL,bert,11.881828308105469
russian,59,1,Лекарства от болезни для отдельных категорий граждан было доступным,PL-SG-SG,PL,SG,SG,bert,12.971504211425781
russian,59,1,Лекарства от болезни для отдельных категорий граждан были доступными,PL-SG-PL,PL,SG,PL,bert,12.411306381225586
russian,59,1,Лекарства от болезней для отдельных категорий граждан было доступным,PL-PL-SG,PL,PL,SG,bert,13.038562774658203
russian,59,1,Лекарства от болезней для отдельных категорий граждан были доступными,PL-PL-PL,PL,PL,PL,bert,12.378121376037598
russian,60,1,Лимузин для свадьбы с яркими розовыми бантами был белым,SG-SG-SG,SG,SG,SG,bert,12.610280990600586
russian,60,1,Лимузин для свадьбы с яркими розовыми бантами были белыми,SG-SG-PL,SG,SG,PL,bert,11.37261962890625
russian,60,1,Лимузин для свадеб с яркими розовыми бантами был белым,SG-PL-SG,SG,PL,SG,bert,12.711254119873047
russian,60,1,Лимузин для свадеб с яркими розовыми бантами были белыми,SG-PL-PL,SG,PL,PL,bert,11.31401252746582
russian,60,1,Лимузины для свадьбы с яркими розовыми бантами был белым,PL-SG-SG,PL,SG,SG,bert,12.93261432647705
russian,60,1,Лимузины для свадьбы с яркими розовыми бантами были белыми,PL-SG-PL,PL,SG,PL,bert,12.071735382080078
russian,60,1,Лимузины для свадеб с яркими розовыми бантами был белым,PL-PL-SG,PL,PL,SG,bert,13.02959156036377
russian,60,1,Лимузины для свадеб с яркими розовыми бантами были белыми,PL-PL-PL,PL,PL,PL,bert,12.115569114685059
russian,61,1,Лозунг из листовки с целью привлечения внимания был придуман,SG-SG-SG,SG,SG,SG,bert,12.811165809631348
russian,61,1,Лозунг из листовки с целью привлечения внимания были придуманы,SG-SG-PL,SG,SG,PL,bert,10.724878311157227
russian,61,1,Лозунг из листовок с целью привлечения внимания был придуман,SG-PL-SG,SG,PL,SG,bert,12.836751937866211
russian,61,1,Лозунг из листовок с целью привлечения внимания были придуманы,SG-PL-PL,SG,PL,PL,bert,10.740785598754883
russian,61,1,Лозунги из листовки с целью привлечения внимания был придуман,PL-SG-SG,PL,SG,SG,bert,13.026164054870605
russian,61,1,Лозунги из листовки с целью привлечения внимания были придуманы,PL-SG-PL,PL,SG,PL,bert,10.724485397338867
russian,61,1,Лозунги из листовок с целью привлечения внимания был придуман,PL-PL-SG,PL,PL,SG,bert,13.07522964477539
russian,61,1,Лозунги из листовок с целью привлечения внимания были придуманы,PL-PL-PL,PL,PL,PL,bert,10.753373146057129
russian,62,1,Массовка для съёмки из числа местных студентов была набрана,SG-SG-SG,SG,SG,SG,bert,11.916120529174805
russian,62,1,Массовка для съёмки из числа местных студентов были набраны,SG-SG-PL,SG,SG,PL,bert,12.08336067199707
russian,62,1,Массовка для съёмок из числа местных студентов была набрана,SG-PL-SG,SG,PL,SG,bert,11.79269790649414
russian,62,1,Массовка для съёмок из числа местных студентов были набраны,SG-PL-PL,SG,PL,PL,bert,12.049661636352539
russian,62,1,Массовки для съёмки из числа местных студентов была набрана,PL-SG-SG,PL,SG,SG,bert,13.123860359191895
russian,62,1,Массовки для съёмки из числа местных студентов были набраны,PL-SG-PL,PL,SG,PL,bert,12.467901229858398
russian,62,1,Массовки для съёмок из числа местных студентов была набрана,PL-PL-SG,PL,PL,SG,bert,12.982169151306152
russian,62,1,Массовки для съёмок из числа местных студентов были набраны,PL-PL-PL,PL,PL,PL,bert,12.501180648803711
russian,63,1,Материал для крыши из-за нарушения режима хранения был бракованным,SG-SG-SG,SG,SG,SG,bert,14.573660850524902
russian,63,1,Материал для крыши из-за нарушения режима хранения были бракованными,SG-SG-PL,SG,SG,PL,bert,13.433265686035156
russian,63,1,Материал для крыш из-за нарушения режима хранения был бракованным,SG-PL-SG,SG,PL,SG,bert,14.49277114868164
russian,63,1,Материал для крыш из-за нарушения режима хранения были бракованными,SG-PL-PL,SG,PL,PL,bert,13.371068954467773
russian,63,1,Материалы для крыши из-за нарушения режима хранения был бракованным,PL-SG-SG,PL,SG,SG,bert,14.785721778869629
russian,63,1,Материалы для крыши из-за нарушения режима хранения были бракованными,PL-SG-PL,PL,SG,PL,bert,13.405595779418945
russian,63,1,Материалы для крыш из-за нарушения режима хранения был бракованным,PL-PL-SG,PL,PL,SG,bert,14.696639060974121
russian,63,1,Материалы для крыш из-за нарушения режима хранения были бракованными,PL-PL-PL,PL,PL,PL,bert,13.330549240112305
russian,64,1,Мотор для лодки с учётом пожеланий рыбаков был заказан,SG-SG-SG,SG,SG,SG,bert,13.970067977905273
russian,64,1,Мотор для лодки с учётом пожеланий рыбаков были заказаны,SG-SG-PL,SG,SG,PL,bert,12.982253074645996
russian,64,1,Мотор для лодок с учётом пожеланий рыбаков был заказан,SG-PL-SG,SG,PL,SG,bert,13.951807022094727
russian,64,1,Мотор для лодок с учётом пожеланий рыбаков были заказаны,SG-PL-PL,SG,PL,PL,bert,12.941947937011719
russian,64,1,Моторы для лодки с учётом пожеланий рыбаков был заказан,PL-SG-SG,PL,SG,SG,bert,14.588376998901367
russian,64,1,Моторы для лодки с учётом пожеланий рыбаков были заказаны,PL-SG-PL,PL,SG,PL,bert,13.176002502441406
russian,64,1,Моторы для лодок с учётом пожеланий рыбаков был заказан,PL-PL-SG,PL,PL,SG,bert,14.523334503173828
russian,64,1,Моторы для лодок с учётом пожеланий рыбаков были заказаны,PL-PL-PL,PL,PL,PL,bert,13.069723129272461
russian,65,1,Мяч для игры для детских дошкольных учреждений был разработан,SG-SG-SG,SG,SG,SG,bert,14.251121520996094
russian,65,1,Мяч для игры для детских дошкольных учреждений были разработаны,SG-SG-PL,SG,SG,PL,bert,12.859832763671875
russian,65,1,Мяч для игр для детских дошкольных учреждений был разработан,SG-PL-SG,SG,PL,SG,bert,14.29629135131836
russian,65,1,Мяч для игр для детских дошкольных учреждений были разработаны,SG-PL-PL,SG,PL,PL,bert,12.896135330200195
russian,65,1,Мячи для игры для детских дошкольных учреждений был разработан,PL-SG-SG,PL,SG,SG,bert,14.783574104309082
russian,65,1,Мячи для игры для детских дошкольных учреждений были разработаны,PL-SG-PL,PL,SG,PL,bert,12.770895004272461
russian,65,1,Мячи для игр для детских дошкольных учреждений был разработан,PL-PL-SG,PL,PL,SG,bert,14.787822723388672
russian,65,1,Мячи для игр для детских дошкольных учреждений были разработаны,PL-PL-PL,PL,PL,PL,bert,12.831628799438477
russian,66,1,Перелом из-за падения из-за преклонного возраста альпиниста был тяжёлым,SG-SG-SG,SG,SG,SG,bert,12.955453872680664
russian,66,1,Перелом из-за падения из-за преклонного возраста альпиниста были тяжёлыми,SG-SG-PL,SG,SG,PL,bert,11.075408935546875
russian,66,1,Перелом из-за падений из-за преклонного возраста альпиниста был тяжёлым,SG-PL-SG,SG,PL,SG,bert,12.87653636932373
russian,66,1,Перелом из-за падений из-за преклонного возраста альпиниста были тяжёлыми,SG-PL-PL,SG,PL,PL,bert,11.283349990844727
russian,66,1,Переломы из-за падения из-за преклонного возраста альпиниста был тяжёлым,PL-SG-SG,PL,SG,SG,bert,13.159439086914062
russian,66,1,Переломы из-за падения из-за преклонного возраста альпиниста были тяжёлыми,PL-SG-PL,PL,SG,PL,bert,11.580680847167969
russian,66,1,Переломы из-за падений из-за преклонного возраста альпиниста был тяжёлым,PL-PL-SG,PL,PL,SG,bert,13.08153247833252
russian,66,1,Переломы из-за падений из-за преклонного возраста альпиниста были тяжёлыми,PL-PL-PL,PL,PL,PL,bert,11.609369277954102
russian,67,1,Пристань для яхты из-за высоких штормовых волн была мокрой,SG-SG-SG,SG,SG,SG,bert,14.981470108032227
russian,67,1,Пристань для яхты из-за высоких штормовых волн были мокрыми,SG-SG-PL,SG,SG,PL,bert,12.671113967895508
russian,67,1,Пристань для яхт из-за высоких штормовых волн была мокрой,SG-PL-SG,SG,PL,SG,bert,14.93712043762207
russian,67,1,Пристань для яхт из-за высоких штормовых волн были мокрыми,SG-PL-PL,SG,PL,PL,bert,12.523031234741211
russian,67,1,Пристани для яхты из-за высоких штормовых волн была мокрой,PL-SG-SG,PL,SG,SG,bert,15.883607864379883
russian,67,1,Пристани для яхты из-за высоких штормовых волн были мокрыми,PL-SG-PL,PL,SG,PL,bert,13.596356391906738
russian,67,1,Пристани для яхт из-за высоких штормовых волн была мокрой,PL-PL-SG,PL,PL,SG,bert,15.80421257019043
russian,67,1,Пристани для яхт из-за высоких штормовых волн были мокрыми,PL-PL-PL,PL,PL,PL,bert,13.471410751342773
russian,68,1,Пропуск из-за травмы с главным врачом команды был согласован,SG-SG-SG,SG,SG,SG,bert,13.118751525878906
russian,68,1,Пропуск из-за травмы с главным врачом команды были согласованы,SG-SG-PL,SG,SG,PL,bert,11.968920707702637
russian,68,1,Пропуск из-за травм с главным врачом команды был согласован,SG-PL-SG,SG,PL,SG,bert,13.10944652557373
russian,68,1,Пропуск из-за травм с главным врачом команды были согласованы,SG-PL-PL,SG,PL,PL,bert,11.871305465698242
russian,68,1,Пропуски из-за травмы с главным врачом команды был согласован,PL-SG-SG,PL,SG,SG,bert,13.470449447631836
russian,68,1,Пропуски из-за травмы с главным врачом команды были согласованы,PL-SG-PL,PL,SG,PL,bert,11.872886657714844
russian,68,1,Пропуски из-за травм с главным врачом команды был согласован,PL-PL-SG,PL,PL,SG,bert,13.468780517578125
russian,68,1,Пропуски из-за травм с главным врачом команды были согласованы,PL-PL-PL,PL,PL,PL,bert,11.818984985351562
russian,69,1,Рассказ об аварии для усиления эмоционального напряжения был приукрашен,SG-SG-SG,SG,SG,SG,bert,11.968839645385742
russian,69,1,Рассказ об аварии для усиления эмоционального напряжения были приукрашены,SG-SG-PL,SG,SG,PL,bert,10.156976699829102
russian,69,1,Рассказ об аварий для усиления эмоционального напряжения был приукрашен,SG-PL-SG,SG,PL,SG,bert,11.968839645385742
russian,69,1,Рассказ об аварий для усиления эмоционального напряжения были приукрашены,SG-PL-PL,SG,PL,PL,bert,10.156976699829102
russian,69,1,Рассказы об аварии для усиления эмоционального напряжения был приукрашен,PL-SG-SG,PL,SG,SG,bert,12.146873474121094
russian,69,1,Рассказы об аварии для усиления эмоционального напряжения были приукрашены,PL-SG-PL,PL,SG,PL,bert,10.291766166687012
russian,69,1,Рассказы об аварий для усиления эмоционального напряжения был приукрашен,PL-PL-SG,PL,PL,SG,bert,12.146873474121094
russian,69,1,Рассказы об аварий для усиления эмоционального напряжения были приукрашены,PL-PL-PL,PL,PL,PL,bert,10.291766166687012
russian,70,1,Репортаж для газеты после разрешения публичной огласки был написан,SG-SG-SG,SG,SG,SG,bert,13.08896255493164
russian,70,1,Репортаж для газеты после разрешения публичной огласки были написаны,SG-SG-PL,SG,SG,PL,bert,10.765687942504883
russian,70,1,Репортаж для газет после разрешения публичной огласки был написан,SG-PL-SG,SG,PL,SG,bert,13.111271858215332
russian,70,1,Репортаж для газет после разрешения публичной огласки были написаны,SG-PL-PL,SG,PL,PL,bert,10.76803970336914
russian,70,1,Репортажи для газеты после разрешения публичной огласки был написан,PL-SG-SG,PL,SG,SG,bert,13.545156478881836
russian,70,1,Репортажи для газеты после разрешения публичной огласки были написаны,PL-SG-PL,PL,SG,PL,bert,10.937787055969238
russian,70,1,Репортажи для газет после разрешения публичной огласки был написан,PL-PL-SG,PL,PL,SG,bert,13.64678955078125
russian,70,1,Репортажи для газет после разрешения публичной огласки были написаны,PL-PL-PL,PL,PL,PL,bert,10.96158218383789
russian,71,1,Скандал из-за статьи в глазах непосредственных участников был масштабным,SG-SG-SG,SG,SG,SG,bert,11.703330993652344
russian,71,1,Скандал из-за статьи в глазах непосредственных участников были масштабными,SG-SG-PL,SG,SG,PL,bert,9.891317367553711
russian,71,1,Скандал из-за статей в глазах непосредственных участников был масштабным,SG-PL-SG,SG,PL,SG,bert,11.847660064697266
russian,71,1,Скандал из-за статей в глазах непосредственных участников были масштабными,SG-PL-PL,SG,PL,PL,bert,10.049707412719727
russian,71,1,Скандалы из-за статьи в глазах непосредственных участников был масштабным,PL-SG-SG,PL,SG,SG,bert,11.784618377685547
russian,71,1,Скандалы из-за статьи в глазах непосредственных участников были масштабными,PL-SG-PL,PL,SG,PL,bert,10.757244110107422
russian,71,1,Скандалы из-за статей в глазах непосредственных участников был масштабным,PL-PL-SG,PL,PL,SG,bert,11.892372131347656
russian,71,1,Скандалы из-за статей в глазах непосредственных участников были масштабными,PL-PL-PL,PL,PL,PL,bert,10.86823558807373
russian,72,1,Скидка от авиакомпании из-за недавнего крушения самолёта была беспрецедентной,SG-SG-SG,SG,SG,SG,bert,12.59443473815918
russian,72,1,Скидка от авиакомпании из-за недавнего крушения самолёта были беспрецедентными,SG-SG-PL,SG,SG,PL,bert,11.372482299804688
russian,72,1,Скидка от авиакомпаний из-за недавнего крушения самолёта была беспрецедентной,SG-PL-SG,SG,PL,SG,bert,12.59443473815918
russian,72,1,Скидка от авиакомпаний из-за недавнего крушения самолёта были беспрецедентными,SG-PL-PL,SG,PL,PL,bert,11.372482299804688
russian,72,1,Скидки от авиакомпании из-за недавнего крушения самолёта была беспрецедентной,PL-SG-SG,PL,SG,SG,bert,12.720937728881836
russian,72,1,Скидки от авиакомпании из-за недавнего крушения самолёта были беспрецедентными,PL-SG-PL,PL,SG,PL,bert,11.989951133728027
russian,72,1,Скидки от авиакомпаний из-за недавнего крушения самолёта была беспрецедентной,PL-PL-SG,PL,PL,SG,bert,12.720937728881836
russian,72,1,Скидки от авиакомпаний из-за недавнего крушения самолёта были беспрецедентными,PL-PL-PL,PL,PL,PL,bert,11.989951133728027
russian,73,1,Стекло для беседки из-за неосторожности пьяных грузчиков было разбито,SG-SG-SG,SG,SG,SG,bert,14.858280181884766
russian,73,1,Стекло для беседки из-за неосторожности пьяных грузчиков были разбиты,SG-SG-PL,SG,SG,PL,bert,12.805691719055176
russian,73,1,Стекло для беседок из-за неосторожности пьяных грузчиков было разбито,SG-PL-SG,SG,PL,SG,bert,14.941828727722168
russian,73,1,Стекло для беседок из-за неосторожности пьяных грузчиков были разбиты,SG-PL-PL,SG,PL,PL,bert,12.692338943481445
russian,73,1,Стёкла для беседки из-за неосторожности пьяных грузчиков было разбито,PL-SG-SG,PL,SG,SG,bert,15.253121376037598
russian,73,1,Стёкла для беседки из-за неосторожности пьяных грузчиков были разбиты,PL-SG-PL,PL,SG,PL,bert,13.181452751159668
russian,73,1,Стёкла для беседок из-за неосторожности пьяных грузчиков было разбито,PL-PL-SG,PL,PL,SG,bert,15.303491592407227
russian,73,1,Стёкла для беседок из-за неосторожности пьяных грузчиков были разбиты,PL-PL-PL,PL,PL,PL,bert,13.14499568939209
russian,74,1,Стол для трапезы на залитую солнцем террасу был вынесен,SG-SG-SG,SG,SG,SG,bert,13.457876205444336
russian,74,1,Стол для трапезы на залитую солнцем террасу были вынесены,SG-SG-PL,SG,SG,PL,bert,12.437555313110352
russian,74,1,Стол для трапез на залитую солнцем террасу был вынесен,SG-PL-SG,SG,PL,SG,bert,13.314735412597656
russian,74,1,Стол для трапез на залитую солнцем террасу были вынесены,SG-PL-PL,SG,PL,PL,bert,12.25816822052002
russian,74,1,Столы для трапезы на залитую солнцем террасу был вынесен,PL-SG-SG,PL,SG,SG,bert,14.047261238098145
russian,74,1,Столы для трапезы на залитую солнцем террасу были вынесены,PL-SG-PL,PL,SG,PL,bert,12.346160888671875
russian,74,1,Столы для трапез на залитую солнцем террасу был вынесен,PL-PL-SG,PL,PL,SG,bert,14.016209602355957
russian,74,1,Столы для трапез на залитую солнцем террасу были вынесены,PL-PL-PL,PL,PL,PL,bert,12.277631759643555
russian,75,1,Сувенир для акции в фирменном магазине команды был выбран,SG-SG-SG,SG,SG,SG,bert,12.027581214904785
russian,75,1,Сувенир для акции в фирменном магазине команды были выбраны,SG-SG-PL,SG,SG,PL,bert,11.801491737365723
russian,75,1,Сувенир для акций в фирменном магазине команды был выбран,SG-PL-SG,SG,PL,SG,bert,12.027581214904785
russian,75,1,Сувенир для акций в фирменном магазине команды были выбраны,SG-PL-PL,SG,PL,PL,bert,11.801491737365723
russian,75,1,Сувениры для акции в фирменном магазине команды был выбран,PL-SG-SG,PL,SG,SG,bert,12.207340240478516
russian,75,1,Сувениры для акции в фирменном магазине команды были выбраны,PL-SG-PL,PL,SG,PL,bert,12.188851356506348
russian,75,1,Сувениры для акций в фирменном магазине команды был выбран,PL-PL-SG,PL,PL,SG,bert,12.207340240478516
russian,75,1,Сувениры для акций в фирменном магазине команды были выбраны,PL-PL-PL,PL,PL,PL,bert,12.188851356506348
russian,76,1,Тень от лампы на высоких сводах храма была видна,SG-SG-SG,SG,SG,SG,bert,11.892821311950684
russian,76,1,Тень от лампы на высоких сводах храма были видны,SG-SG-PL,SG,SG,PL,bert,10.086844444274902
russian,76,1,Тень от ламп на высоких сводах храма была видна,SG-PL-SG,SG,PL,SG,bert,11.948371887207031
russian,76,1,Тень от ламп на высоких сводах храма были видны,SG-PL-PL,SG,PL,PL,bert,10.170339584350586
russian,76,1,Тени от лампы на высоких сводах храма была видна,PL-SG-SG,PL,SG,SG,bert,12.961040496826172
russian,76,1,Тени от лампы на высоких сводах храма были видны,PL-SG-PL,PL,SG,PL,bert,11.20643138885498
russian,76,1,Тени от ламп на высоких сводах храма была видна,PL-PL-SG,PL,PL,SG,bert,12.95165729522705
russian,76,1,Тени от ламп на высоких сводах храма были видны,PL-PL-PL,PL,PL,PL,bert,11.248994827270508
russian,77,1,Товар с витрины по сильно сниженной цене был продан,SG-SG-SG,SG,SG,SG,bert,14.56333065032959
russian,77,1,Товар с витрины по сильно сниженной цене были проданы,SG-SG-PL,SG,SG,PL,bert,13.343050003051758
russian,77,1,Товар с витрин по сильно сниженной цене был продан,SG-PL-SG,SG,PL,SG,bert,14.541048049926758
russian,77,1,Товар с витрин по сильно сниженной цене были проданы,SG-PL-PL,SG,PL,PL,bert,13.321191787719727
russian,77,1,Товары с витрины по сильно сниженной цене был продан,PL-SG-SG,PL,SG,SG,bert,14.041387557983398
russian,77,1,Товары с витрины по сильно сниженной цене были проданы,PL-SG-PL,PL,SG,PL,bert,13.774974822998047
russian,77,1,Товары с витрин по сильно сниженной цене был продан,PL-PL-SG,PL,PL,SG,bert,13.99386978149414
russian,77,1,Товары с витрин по сильно сниженной цене были проданы,PL-PL-PL,PL,PL,PL,bert,13.774356842041016
russian,78,1,Условие для задачи из-за избытка ненужных фактов было запутанным,SG-SG-SG,SG,SG,SG,bert,13.245105743408203
russian,78,1,Условие для задачи из-за избытка ненужных фактов были запутанными,SG-SG-PL,SG,SG,PL,bert,11.713781356811523
russian,78,1,Условие для задач из-за избытка ненужных фактов было запутанным,SG-PL-SG,SG,PL,SG,bert,13.121235847473145
russian,78,1,Условие для задач из-за избытка ненужных фактов были запутанными,SG-PL-PL,SG,PL,PL,bert,11.797456741333008
russian,78,1,Условия для задачи из-за избытка ненужных фактов было запутанным,PL-SG-SG,PL,SG,SG,bert,13.276947021484375
russian,78,1,Условия для задачи из-за избытка ненужных фактов были запутанными,PL-SG-PL,PL,SG,PL,bert,11.822651863098145
russian,78,1,Условия для задач из-за избытка ненужных фактов было запутанным,PL-PL-SG,PL,PL,SG,bert,13.162618637084961
russian,78,1,Условия для задач из-за избытка ненужных фактов были запутанными,PL-PL-PL,PL,PL,PL,bert,11.957292556762695
russian,79,1,Шаблон для таблицы для начинающих пользователей компьютера был удобным,SG-SG-SG,SG,SG,SG,bert,12.701332092285156
russian,79,1,Шаблон для таблицы для начинающих пользователей компьютера были удобными,SG-SG-PL,SG,SG,PL,bert,11.105148315429688
russian,79,1,Шаблон для таблиц для начинающих пользователей компьютера был удобным,SG-PL-SG,SG,PL,SG,bert,12.736337661743164
russian,79,1,Шаблон для таблиц для начинающих пользователей компьютера были удобными,SG-PL-PL,SG,PL,PL,bert,11.048788070678711
russian,79,1,Шаблоны для таблицы для начинающих пользователей компьютера был удобным,PL-SG-SG,PL,SG,SG,bert,12.88847541809082
russian,79,1,Шаблоны для таблицы для начинающих пользователей компьютера были удобными,PL-SG-PL,PL,SG,PL,bert,11.663844108581543
russian,79,1,Шаблоны для таблиц для начинающих пользователей компьютера был удобным,PL-PL-SG,PL,PL,SG,bert,13.054449081420898
russian,79,1,Шаблоны для таблиц для начинающих пользователей компьютера были удобными,PL-PL-PL,PL,PL,PL,bert,11.744389533996582
russian,80,1,Шрам после операции с помощью медицинского лазера был удалён,SG-SG-SG,SG,SG,SG,bert,14.768499374389648
russian,80,1,Шрам после операции с помощью медицинского лазера были удалены,SG-SG-PL,SG,SG,PL,bert,12.85991096496582
russian,80,1,Шрам после операций с помощью медицинского лазера был удалён,SG-PL-SG,SG,PL,SG,bert,14.768499374389648
russian,80,1,Шрам после операций с помощью медицинского лазера были удалены,SG-PL-PL,SG,PL,PL,bert,12.85991096496582
russian,80,1,Шрамы после операции с помощью медицинского лазера был удалён,PL-SG-SG,PL,SG,SG,bert,15.07925033569336
russian,80,1,Шрамы после операции с помощью медицинского лазера были удалены,PL-SG-PL,PL,SG,PL,bert,12.941078186035156
russian,80,1,Шрамы после операций с помощью медицинского лазера был удалён,PL-PL-SG,PL,PL,SG,bert,15.07925033569336
russian,80,1,Шрамы после операций с помощью медицинского лазера были удалены,PL-PL-PL,PL,PL,PL,bert,12.941078186035156
russian,1,0,Абонемент на концерт был дорогим из-за участия популярных артистов,SG-SG-SG,SG,SG,SG,gpt2,7.075558662414551
russian,1,0,Абонемент на концерт были дорогими из-за участия популярных артистов,SG-SG-PL,SG,SG,PL,gpt2,9.68991470336914
russian,1,0,Абонемент на концерты был дорогим из-за участия популярных артистов,SG-PL-SG,SG,PL,SG,gpt2,8.698291778564453
russian,1,0,Абонемент на концерты были дорогими из-за участия популярных артистов,SG-PL-PL,SG,PL,PL,gpt2,9.17551040649414
russian,1,0,Абонементы на концерт был дорогим из-за участия популярных артистов,PL-SG-SG,PL,SG,SG,gpt2,8.423474311828613
russian,1,0,Абонементы на концерт были дорогими из-за участия популярных артистов,PL-SG-PL,PL,SG,PL,gpt2,6.620845794677734
russian,1,0,Абонементы на концерты был дорогим из-за участия популярных артистов,PL-PL-SG,PL,PL,SG,gpt2,11.2505464553833
russian,1,0,Абонементы на концерты были дорогими из-за участия популярных артистов,PL-PL-PL,PL,PL,PL,gpt2,7.226703643798828
russian,2,0,Анекдот про экзамен для строгого пожилого учителя был обидным,SG-SG-SG,SG,SG,SG,gpt2,8.924246788024902
russian,2,0,Анекдот про экзамен для строгого пожилого учителя были обидными,SG-SG-PL,SG,SG,PL,gpt2,12.881979942321777
russian,2,0,Анекдот про экзамены для строгого пожилого учителя был обидным,SG-PL-SG,SG,PL,SG,gpt2,8.638728141784668
russian,2,0,Анекдот про экзамены для строгого пожилого учителя были обидными,SG-PL-PL,SG,PL,PL,gpt2,11.92034912109375
russian,2,0,Анекдоты про экзамен для строгого пожилого учителя был обидным,PL-SG-SG,PL,SG,SG,gpt2,11.50058650970459
russian,2,0,Анекдоты про экзамен для строгого пожилого учителя были обидными,PL-SG-PL,PL,SG,PL,gpt2,8.828863143920898
russian,2,0,Анекдоты про экзамены для строгого пожилого учителя был обидным,PL-PL-SG,PL,PL,SG,gpt2,11.560300827026367
russian,2,0,Анекдоты про экзамены для строгого пожилого учителя были обидными,PL-PL-PL,PL,PL,PL,gpt2,8.283859252929688
russian,3,0,Арка во двор в несущей конструкции здания была проделана,SG-SG-SG,SG,SG,SG,gpt2,4.463029861450195
russian,3,0,Арка во двор в несущей конструкции здания были проделаны,SG-SG-PL,SG,SG,PL,gpt2,6.453690528869629
russian,3,0,Арка во дворы в несущей конструкции здания была проделана,SG-PL-SG,SG,PL,SG,gpt2,4.957879066467285
russian,3,0,Арка во дворы в несущей конструкции здания были проделаны,SG-PL-PL,SG,PL,PL,gpt2,5.38014030456543
russian,3,0,Арки во двор в несущей конструкции здания была проделана,PL-SG-SG,PL,SG,SG,gpt2,5.21350622177124
russian,3,0,Арки во двор в несущей конструкции здания были проделаны,PL-SG-PL,PL,SG,PL,gpt2,5.400613307952881
russian,3,0,Арки во дворы в несущей конструкции здания была проделана,PL-PL-SG,PL,PL,SG,gpt2,5.89162540435791
russian,3,0,Арки во дворы в несущей конструкции здания были проделаны,PL-PL-PL,PL,PL,PL,gpt2,4.788614273071289
russian,4,0,Атака на крепость из-за стратегической ошибки полководца была безуспешной,SG-SG-SG,SG,SG,SG,gpt2,3.901784658432007
russian,4,0,Атака на крепость из-за стратегической ошибки полководца были безуспешными,SG-SG-PL,SG,SG,PL,gpt2,8.50731372833252
russian,4,0,Атака на крепости из-за стратегической ошибки полководца была безуспешной,SG-PL-SG,SG,PL,SG,gpt2,3.883077621459961
russian,4,0,Атака на крепости из-за стратегической ошибки полководца были безуспешными,SG-PL-PL,SG,PL,PL,gpt2,8.266322135925293
russian,4,0,Атаки на крепость из-за стратегической ошибки полководца была безуспешной,PL-SG-SG,PL,SG,SG,gpt2,6.802387237548828
russian,4,0,Атаки на крепость из-за стратегической ошибки полководца были безуспешными,PL-SG-PL,PL,SG,PL,gpt2,4.352923393249512
russian,4,0,Атаки на крепости из-за стратегической ошибки полководца была безуспешной,PL-PL-SG,PL,PL,SG,gpt2,6.796165466308594
russian,4,0,Атаки на крепости из-за стратегической ошибки полководца были безуспешными,PL-PL-PL,PL,PL,PL,gpt2,4.177961349487305
russian,5,0,Билет в музей во время уличной демонстрации был утерян,SG-SG-SG,SG,SG,SG,gpt2,4.154621124267578
russian,5,0,Билет в музей во время уличной демонстрации были утеряны,SG-SG-PL,SG,SG,PL,gpt2,8.198502540588379
russian,5,0,Билет в музеи во время уличной демонстрации был утерян,SG-PL-SG,SG,PL,SG,gpt2,4.4735331535339355
russian,5,0,Билет в музеи во время уличной демонстрации были утеряны,SG-PL-PL,SG,PL,PL,gpt2,7.262932300567627
russian,5,0,Билеты в музей во время уличной демонстрации был утерян,PL-SG-SG,PL,SG,SG,gpt2,8.786391258239746
russian,5,0,Билеты в музей во время уличной демонстрации были утеряны,PL-SG-PL,PL,SG,PL,gpt2,4.0245771408081055
russian,5,0,Билеты в музеи во время уличной демонстрации был утерян,PL-PL-SG,PL,PL,SG,gpt2,9.191272735595703
russian,5,0,Билеты в музеи во время уличной демонстрации были утеряны,PL-PL-PL,PL,PL,PL,gpt2,4.11106014251709
russian,6,0,Взгляд на снимок из-под длинных опущенных ресниц был брошен,SG-SG-SG,SG,SG,SG,gpt2,4.906976699829102
russian,6,0,Взгляд на снимок из-под длинных опущенных ресниц были брошены,SG-SG-PL,SG,SG,PL,gpt2,8.59504508972168
russian,6,0,Взгляд на снимки из-под длинных опущенных ресниц был брошен,SG-PL-SG,SG,PL,SG,gpt2,5.391977310180664
russian,6,0,Взгляд на снимки из-под длинных опущенных ресниц были брошены,SG-PL-PL,SG,PL,PL,gpt2,7.478629112243652
russian,6,0,Взгляды на снимок из-под длинных опущенных ресниц был брошен,PL-SG-SG,PL,SG,SG,gpt2,8.937520027160645
russian,6,0,Взгляды на снимок из-под длинных опущенных ресниц были брошены,PL-SG-PL,PL,SG,PL,gpt2,4.243620872497559
russian,6,0,Взгляды на снимки из-под длинных опущенных ресниц был брошен,PL-PL-SG,PL,PL,SG,gpt2,9.145736694335938
russian,6,0,Взгляды на снимки из-под длинных опущенных ресниц были брошены,PL-PL-PL,PL,PL,PL,gpt2,4.454612731933594
russian,7,0,Возражение на упрёк без излишне бурных эмоций было принято,SG-SG-SG,SG,SG,SG,gpt2,4.315925598144531
russian,7,0,Возражение на упрёк без излишне бурных эмоций были приняты,SG-SG-PL,SG,SG,PL,gpt2,9.266998291015625
russian,7,0,Возражение на упреки без излишне бурных эмоций было принято,SG-PL-SG,SG,PL,SG,gpt2,4.692584037780762
russian,7,0,Возражение на упреки без излишне бурных эмоций были приняты,SG-PL-PL,SG,PL,PL,gpt2,8.851972579956055
russian,7,0,Возражения на упрёк без излишне бурных эмоций было принято,PL-SG-SG,PL,SG,SG,gpt2,7.6894707679748535
russian,7,0,Возражения на упрёк без излишне бурных эмоций были приняты,PL-SG-PL,PL,SG,PL,gpt2,4.32241678237915
russian,7,0,Возражения на упреки без излишне бурных эмоций было принято,PL-PL-SG,PL,PL,SG,gpt2,8.156371116638184
russian,7,0,Возражения на упреки без излишне бурных эмоций были приняты,PL-PL-PL,PL,PL,PL,gpt2,4.925745964050293
russian,8,0,Выстрел в цель из-за сбитого прицела ружья был неточным,SG-SG-SG,SG,SG,SG,gpt2,4.16867733001709
russian,8,0,Выстрел в цель из-за сбитого прицела ружья были неточными,SG-SG-PL,SG,SG,PL,gpt2,8.955211639404297
russian,8,0,Выстрел в цели из-за сбитого прицела ружья был неточным,SG-PL-SG,SG,PL,SG,gpt2,4.153641700744629
russian,8,0,Выстрел в цели из-за сбитого прицела ружья были неточными,SG-PL-PL,SG,PL,PL,gpt2,8.855308532714844
russian,8,0,Выстрелы в цель из-за сбитого прицела ружья был неточным,PL-SG-SG,PL,SG,SG,gpt2,8.490279197692871
russian,8,0,Выстрелы в цель из-за сбитого прицела ружья были неточными,PL-SG-PL,PL,SG,PL,gpt2,3.5320024490356445
russian,8,0,Выстрелы в цели из-за сбитого прицела ружья был неточным,PL-PL-SG,PL,PL,SG,gpt2,8.755293846130371
russian,8,0,Выстрелы в цели из-за сбитого прицела ружья были неточными,PL-PL-PL,PL,PL,PL,gpt2,3.6689207553863525
russian,9,0,Дорога через лес для снабжения людей провизией была проложена,SG-SG-SG,SG,SG,SG,gpt2,3.1789512634277344
russian,9,0,Дорога через лес для снабжения людей провизией были проложены,SG-SG-PL,SG,SG,PL,gpt2,8.534668922424316
russian,9,0,Дорога через леса для снабжения людей провизией была проложена,SG-PL-SG,SG,PL,SG,gpt2,3.226382255554199
russian,9,0,Дорога через леса для снабжения людей провизией были проложены,SG-PL-PL,SG,PL,PL,gpt2,8.227569580078125
russian,9,0,Дороги через лес для снабжения людей провизией была проложена,PL-SG-SG,PL,SG,SG,gpt2,7.922444820404053
russian,9,0,Дороги через лес для снабжения людей провизией были проложены,PL-SG-PL,PL,SG,PL,gpt2,4.479732990264893
russian,9,0,Дороги через леса для снабжения людей провизией была проложена,PL-PL-SG,PL,PL,SG,gpt2,7.927833080291748
russian,9,0,Дороги через леса для снабжения людей провизией были проложены,PL-PL-PL,PL,PL,PL,gpt2,4.527390956878662
russian,10,0,Жалоба на боль из-за нарушения дыхания пациента была тихой,SG-SG-SG,SG,SG,SG,gpt2,4.589887619018555
russian,10,0,Жалоба на боль из-за нарушения дыхания пациента были тихими,SG-SG-PL,SG,SG,PL,gpt2,10.250909805297852
russian,10,0,Жалоба на боли из-за нарушения дыхания пациента была тихой,SG-PL-SG,SG,PL,SG,gpt2,4.853537559509277
russian,10,0,Жалоба на боли из-за нарушения дыхания пациента были тихими,SG-PL-PL,SG,PL,PL,gpt2,10.171002388000488
russian,10,0,Жалобы на боль из-за нарушения дыхания пациента была тихой,PL-SG-SG,PL,SG,SG,gpt2,8.935432434082031
russian,10,0,Жалобы на боль из-за нарушения дыхания пациента были тихими,PL-SG-PL,PL,SG,PL,gpt2,5.079451560974121
russian,10,0,Жалобы на боли из-за нарушения дыхания пациента была тихой,PL-PL-SG,PL,PL,SG,gpt2,9.107998847961426
russian,10,0,Жалобы на боли из-за нарушения дыхания пациента были тихими,PL-PL-PL,PL,PL,PL,gpt2,5.332021713256836
russian,11,0,История про убийство в присутствии маленьких детей была рассказана,SG-SG-SG,SG,SG,SG,gpt2,7.112613677978516
russian,11,0,История про убийство в присутствии маленьких детей были рассказаны,SG-SG-PL,SG,SG,PL,gpt2,9.975851058959961
russian,11,0,История про убийства в присутствии маленьких детей была рассказана,SG-PL-SG,SG,PL,SG,gpt2,6.836320400238037
russian,11,0,История про убийства в присутствии маленьких детей были рассказаны,SG-PL-PL,SG,PL,PL,gpt2,9.453131675720215
russian,11,0,Истории про убийство в присутствии маленьких детей была рассказана,PL-SG-SG,PL,SG,SG,gpt2,8.84174919128418
russian,11,0,Истории про убийство в присутствии маленьких детей были рассказаны,PL-SG-PL,PL,SG,PL,gpt2,6.693205833435059
russian,11,0,Истории про убийства в присутствии маленьких детей была рассказана,PL-PL-SG,PL,PL,SG,gpt2,9.014528274536133
russian,11,0,Истории про убийства в присутствии маленьких детей были рассказаны,PL-PL-PL,PL,PL,PL,gpt2,6.355429172515869
russian,12,0,Кредит на участок из-за высокой стоимости земли был долгосрочным,SG-SG-SG,SG,SG,SG,gpt2,6.822991847991943
russian,12,0,Кредит на участок из-за высокой стоимости земли были долгосрочными,SG-SG-PL,SG,SG,PL,gpt2,10.578659057617188
russian,12,0,Кредит на участки из-за высокой стоимости земли был долгосрочным,SG-PL-SG,SG,PL,SG,gpt2,7.474016189575195
russian,12,0,Кредит на участки из-за высокой стоимости земли были долгосрочными,SG-PL-PL,SG,PL,PL,gpt2,9.89217472076416
russian,12,0,Кредиты на участок из-за высокой стоимости земли был долгосрочным,PL-SG-SG,PL,SG,SG,gpt2,10.371856689453125
russian,12,0,Кредиты на участок из-за высокой стоимости земли были долгосрочными,PL-SG-PL,PL,SG,PL,gpt2,6.406144618988037
russian,12,0,Кредиты на участки из-за высокой стоимости земли был долгосрочным,PL-PL-SG,PL,PL,SG,gpt2,11.08286190032959
russian,12,0,Кредиты на участки из-за высокой стоимости земли были долгосрочными,PL-PL-PL,PL,PL,PL,gpt2,6.514858722686768
russian,13,0,Кружево на наряд в вышитый шелковый мешочек было упаковано,SG-SG-SG,SG,SG,SG,gpt2,5.057647228240967
russian,13,0,Кружево на наряд в вышитый шелковый мешочек были упакованы,SG-SG-PL,SG,SG,PL,gpt2,7.886115074157715
russian,13,0,Кружево на наряды в вышитый шелковый мешочек было упаковано,SG-PL-SG,SG,PL,SG,gpt2,5.494993209838867
russian,13,0,Кружево на наряды в вышитый шелковый мешочек были упакованы,SG-PL-PL,SG,PL,PL,gpt2,7.607688903808594
russian,13,0,Кружева на наряд в вышитый шелковый мешочек было упаковано,PL-SG-SG,PL,SG,SG,gpt2,7.381497383117676
russian,13,0,Кружева на наряд в вышитый шелковый мешочек были упакованы,PL-SG-PL,PL,SG,PL,gpt2,4.556570053100586
russian,13,0,Кружева на наряды в вышитый шелковый мешочек было упаковано,PL-PL-SG,PL,PL,SG,gpt2,7.4581170082092285
russian,13,0,Кружева на наряды в вышитый шелковый мешочек были упакованы,PL-PL-PL,PL,PL,PL,gpt2,4.8818840980529785
russian,14,0,Легенда про замок в старинной летописи графства была записана,SG-SG-SG,SG,SG,SG,gpt2,9.141898155212402
russian,14,0,Легенда про замок в старинной летописи графства были записаны,SG-SG-PL,SG,SG,PL,gpt2,9.954089164733887
russian,14,0,Легенда про замки в старинной летописи графства была записана,SG-PL-SG,SG,PL,SG,gpt2,9.273106575012207
russian,14,0,Легенда про замки в старинной летописи графства были записаны,SG-PL-PL,SG,PL,PL,gpt2,9.851361274719238
russian,14,0,Легенды про замок в старинной летописи графства была записана,PL-SG-SG,PL,SG,SG,gpt2,9.419401168823242
russian,14,0,Легенды про замок в старинной летописи графства были записаны,PL-SG-PL,PL,SG,PL,gpt2,8.631938934326172
russian,14,0,Легенды про замки в старинной летописи графства была записана,PL-PL-SG,PL,PL,SG,gpt2,9.626355171203613
russian,14,0,Легенды про замки в старинной летописи графства были записаны,PL-PL-PL,PL,PL,PL,gpt2,8.52017879486084
russian,15,0,Лестница в подвал из-за отсутствия свободного места была крутой,SG-SG-SG,SG,SG,SG,gpt2,4.5658955574035645
russian,15,0,Лестница в подвал из-за отсутствия свободного места были крутыми,SG-SG-PL,SG,SG,PL,gpt2,9.291820526123047
russian,15,0,Лестница в подвалы из-за отсутствия свободного места была крутой,SG-PL-SG,SG,PL,SG,gpt2,5.0233659744262695
russian,15,0,Лестница в подвалы из-за отсутствия свободного места были крутыми,SG-PL-PL,SG,PL,PL,gpt2,8.29885482788086
russian,15,0,Лестницы в подвал из-за отсутствия свободного места была крутой,PL-SG-SG,PL,SG,SG,gpt2,9.461398124694824
russian,15,0,Лестницы в подвал из-за отсутствия свободного места были крутыми,PL-SG-PL,PL,SG,PL,gpt2,4.857736587524414
russian,15,0,Лестницы в подвалы из-за отсутствия свободного места была крутой,PL-PL-SG,PL,PL,SG,gpt2,9.650449752807617
russian,15,0,Лестницы в подвалы из-за отсутствия свободного места были крутыми,PL-PL-PL,PL,PL,PL,gpt2,5.089256286621094
russian,16,0,Мост через овраг после окончания военных действий был возведен,SG-SG-SG,SG,SG,SG,gpt2,3.549877166748047
russian,16,0,Мост через овраг после окончания военных действий были возведены,SG-SG-PL,SG,SG,PL,gpt2,8.3998384475708
russian,16,0,Мост через овраги после окончания военных действий был возведен,SG-PL-SG,SG,PL,SG,gpt2,3.5338659286499023
russian,16,0,Мост через овраги после окончания военных действий были возведены,SG-PL-PL,SG,PL,PL,gpt2,7.7640862464904785
russian,16,0,Мосты через овраг после окончания военных действий был возведен,PL-SG-SG,PL,SG,SG,gpt2,8.23770523071289
russian,16,0,Мосты через овраг после окончания военных действий были возведены,PL-SG-PL,PL,SG,PL,gpt2,3.9831151962280273
russian,16,0,Мосты через овраги после окончания военных действий был возведен,PL-PL-SG,PL,PL,SG,gpt2,8.622822761535645
russian,16,0,Мосты через овраги после окончания военных действий были возведены,PL-PL-PL,PL,PL,PL,gpt2,3.9944586753845215
russian,17,0,Налог на доход из-за смены политического курса был повышен,SG-SG-SG,SG,SG,SG,gpt2,6.858630657196045
russian,17,0,Налог на доход из-за смены политического курса были повышены,SG-SG-PL,SG,SG,PL,gpt2,10.258394241333008
russian,17,0,Налог на доходы из-за смены политического курса был повышен,SG-PL-SG,SG,PL,SG,gpt2,6.585504055023193
russian,17,0,Налог на доходы из-за смены политического курса были повышены,SG-PL-PL,SG,PL,PL,gpt2,9.65822982788086
russian,17,0,Налоги на доход из-за смены политического курса был повышен,PL-SG-SG,PL,SG,SG,gpt2,9.269365310668945
russian,17,0,Налоги на доход из-за смены политического курса были повышены,PL-SG-PL,PL,SG,PL,gpt2,6.662959098815918
russian,17,0,Налоги на доходы из-за смены политического курса был повышен,PL-PL-SG,PL,PL,SG,gpt2,9.400324821472168
russian,17,0,Налоги на доходы из-за смены политического курса были повышены,PL-PL-PL,PL,PL,PL,gpt2,6.303187370300293
russian,18,0,Нападение на банк с применением холодного оружия было совершено,SG-SG-SG,SG,SG,SG,gpt2,3.9036195278167725
russian,18,0,Нападение на банк с применением холодного оружия были совершены,SG-SG-PL,SG,SG,PL,gpt2,9.180315971374512
russian,18,0,Нападение на банки с применением холодного оружия было совершено,SG-PL-SG,SG,PL,SG,gpt2,3.9363951683044434
russian,18,0,Нападение на банки с применением холодного оружия были совершены,SG-PL-PL,SG,PL,PL,gpt2,8.896380424499512
russian,18,0,Нападения на банк с применением холодного оружия было совершено,PL-SG-SG,PL,SG,SG,gpt2,6.355685234069824
russian,18,0,Нападения на банк с применением холодного оружия были совершены,PL-SG-PL,PL,SG,PL,gpt2,4.5005083084106445
russian,18,0,Нападения на банки с применением холодного оружия было совершено,PL-PL-SG,PL,PL,SG,gpt2,6.633162498474121
russian,18,0,Нападения на банки с применением холодного оружия были совершены,PL-PL-PL,PL,PL,PL,gpt2,4.398799419403076
russian,19,0,Окно в сад из-за сильного холодного ветра было закрыто,SG-SG-SG,SG,SG,SG,gpt2,3.5604891777038574
russian,19,0,Окно в сад из-за сильного холодного ветра были закрыты,SG-SG-PL,SG,SG,PL,gpt2,9.30321979522705
russian,19,0,Окно в сады из-за сильного холодного ветра было закрыто,SG-PL-SG,SG,PL,SG,gpt2,3.8744986057281494
russian,19,0,Окно в сады из-за сильного холодного ветра были закрыты,SG-PL-PL,SG,PL,PL,gpt2,7.868488311767578
russian,19,0,Окна в сад из-за сильного холодного ветра было закрыто,PL-SG-SG,PL,SG,SG,gpt2,7.172662734985352
russian,19,0,Окна в сад из-за сильного холодного ветра были закрыты,PL-SG-PL,PL,SG,PL,gpt2,3.653533697128296
russian,19,0,Окна в сады из-за сильного холодного ветра было закрыто,PL-PL-SG,PL,PL,SG,gpt2,7.380550384521484
russian,19,0,Окна в сады из-за сильного холодного ветра были закрыты,PL-PL-PL,PL,PL,PL,gpt2,3.851148843765259
russian,20,0,Ответ на вопрос из-за недостаточного знания материала был неверным,SG-SG-SG,SG,SG,SG,gpt2,5.610179901123047
russian,20,0,Ответ на вопрос из-за недостаточного знания материала были неверными,SG-SG-PL,SG,SG,PL,gpt2,8.440427780151367
russian,20,0,Ответ на вопросы из-за недостаточного знания материала был неверным,SG-PL-SG,SG,PL,SG,gpt2,6.3025665283203125
russian,20,0,Ответ на вопросы из-за недостаточного знания материала были неверными,SG-PL-PL,SG,PL,PL,gpt2,8.002946853637695
russian,20,0,Ответы на вопрос из-за недостаточного знания материала был неверным,PL-SG-SG,PL,SG,SG,gpt2,8.366436958312988
russian,20,0,Ответы на вопрос из-за недостаточного знания материала были неверными,PL-SG-PL,PL,SG,PL,gpt2,7.172891616821289
russian,20,0,Ответы на вопросы из-за недостаточного знания материала был неверным,PL-PL-SG,PL,PL,SG,gpt2,9.430652618408203
russian,20,0,Ответы на вопросы из-за недостаточного знания материала были неверными,PL-PL-PL,PL,PL,PL,gpt2,7.045274257659912
russian,21,0,Очередь в театр из-за большого наплыва туристов была бесконечной,SG-SG-SG,SG,SG,SG,gpt2,4.090579032897949
russian,21,0,Очередь в театр из-за большого наплыва туристов были бесконечными,SG-SG-PL,SG,SG,PL,gpt2,9.22935676574707
russian,21,0,Очередь в театры из-за большого наплыва туристов была бесконечной,SG-PL-SG,SG,PL,SG,gpt2,4.469947338104248
russian,21,0,Очередь в театры из-за большого наплыва туристов были бесконечными,SG-PL-PL,SG,PL,PL,gpt2,9.383234024047852
russian,21,0,Очереди в театр из-за большого наплыва туристов была бесконечной,PL-SG-SG,PL,SG,SG,gpt2,5.818451881408691
russian,21,0,Очереди в театр из-за большого наплыва туристов были бесконечными,PL-SG-PL,PL,SG,PL,gpt2,6.200794696807861
russian,21,0,Очереди в театры из-за большого наплыва туристов была бесконечной,PL-PL-SG,PL,PL,SG,gpt2,6.46791410446167
russian,21,0,Очереди в театры из-за большого наплыва туристов были бесконечными,PL-PL-PL,PL,PL,PL,gpt2,6.406158447265625
russian,22,0,Переправа через ручей из-за тяжёлых погодных условий была опасной,SG-SG-SG,SG,SG,SG,gpt2,3.8256125450134277
russian,22,0,Переправа через ручей из-за тяжёлых погодных условий были опасными,SG-SG-PL,SG,SG,PL,gpt2,8.49906063079834
russian,22,0,Переправа через ручьи из-за тяжёлых погодных условий была опасной,SG-PL-SG,SG,PL,SG,gpt2,4.027305603027344
russian,22,0,Переправа через ручьи из-за тяжёлых погодных условий были опасными,SG-PL-PL,SG,PL,PL,gpt2,7.000165939331055
russian,22,0,Переправы через ручей из-за тяжёлых погодных условий была опасной,PL-SG-SG,PL,SG,SG,gpt2,7.676974773406982
russian,22,0,Переправы через ручей из-за тяжёлых погодных условий были опасными,PL-SG-PL,PL,SG,PL,gpt2,4.271563529968262
russian,22,0,Переправы через ручьи из-за тяжёлых погодных условий была опасной,PL-PL-SG,PL,PL,SG,gpt2,8.034582138061523
russian,22,0,Переправы через ручьи из-за тяжёлых погодных условий были опасными,PL-PL-PL,PL,PL,PL,gpt2,4.429834365844727
russian,23,0,Песня про поезд для большинства отставных машинистов была грустной,SG-SG-SG,SG,SG,SG,gpt2,3.293016195297241
russian,23,0,Песня про поезд для большинства отставных машинистов были грустными,SG-SG-PL,SG,SG,PL,gpt2,8.047694206237793
russian,23,0,Песня про поезда для большинства отставных машинистов была грустной,SG-PL-SG,SG,PL,SG,gpt2,3.0662357807159424
russian,23,0,Песня про поезда для большинства отставных машинистов были грустными,SG-PL-PL,SG,PL,PL,gpt2,7.384245872497559
russian,23,0,Песни про поезд для большинства отставных машинистов была грустной,PL-SG-SG,PL,SG,SG,gpt2,7.593893527984619
russian,23,0,Песни про поезд для большинства отставных машинистов были грустными,PL-SG-PL,PL,SG,PL,gpt2,3.1076321601867676
russian,23,0,Песни про поезда для большинства отставных машинистов была грустной,PL-PL-SG,PL,PL,SG,gpt2,7.743360996246338
russian,23,0,Песни про поезда для большинства отставных машинистов были грустными,PL-PL-PL,PL,PL,PL,gpt2,2.8963327407836914
russian,24,0,Письмо про поход из маленького сибирского посёлка было отправлено,SG-SG-SG,SG,SG,SG,gpt2,8.04019832611084
russian,24,0,Письмо про поход из маленького сибирского посёлка были отправлены,SG-SG-PL,SG,SG,PL,gpt2,9.679760932922363
russian,24,0,Письмо про походы из маленького сибирского посёлка было отправлено,SG-PL-SG,SG,PL,SG,gpt2,7.522706985473633
russian,24,0,Письмо про походы из маленького сибирского посёлка были отправлены,SG-PL-PL,SG,PL,PL,gpt2,9.025221824645996
russian,24,0,Письма про поход из маленького сибирского посёлка было отправлено,PL-SG-SG,PL,SG,SG,gpt2,8.952366828918457
russian,24,0,Письма про поход из маленького сибирского посёлка были отправлены,PL-SG-PL,PL,SG,PL,gpt2,8.263740539550781
russian,24,0,Письма про походы из маленького сибирского посёлка было отправлено,PL-PL-SG,PL,PL,SG,gpt2,9.103190422058105
russian,24,0,Письма про походы из маленького сибирского посёлка были отправлены,PL-PL-PL,PL,PL,PL,gpt2,7.230810165405273
russian,25,0,План на выходной из-за визита назойливых родственников был разрушен,SG-SG-SG,SG,SG,SG,gpt2,5.6831231117248535
russian,25,0,План на выходной из-за визита назойливых родственников были разрушены,SG-SG-PL,SG,SG,PL,gpt2,9.67648983001709
russian,25,0,План на выходные из-за визита назойливых родственников был разрушен,SG-PL-SG,SG,PL,SG,gpt2,5.560142993927002
russian,25,0,План на выходные из-за визита назойливых родственников были разрушены,SG-PL-PL,SG,PL,PL,gpt2,9.075177192687988
russian,25,0,Планы на выходной из-за визита назойливых родственников был разрушен,PL-SG-SG,PL,SG,SG,gpt2,9.141990661621094
russian,25,0,Планы на выходной из-за визита назойливых родственников были разрушены,PL-SG-PL,PL,SG,PL,gpt2,6.252161026000977
russian,25,0,Планы на выходные из-за визита назойливых родственников был разрушен,PL-PL-SG,PL,PL,SG,gpt2,9.39685344696045
russian,25,0,Планы на выходные из-за визита назойливых родственников были разрушены,PL-PL-PL,PL,PL,PL,gpt2,6.074429512023926
russian,26,0,Поездка на остров для молодых влюблённых студентов была незабываемой,SG-SG-SG,SG,SG,SG,gpt2,3.859628915786743
russian,26,0,Поездка на остров для молодых влюблённых студентов были незабываемыми,SG-SG-PL,SG,SG,PL,gpt2,9.740793228149414
russian,26,0,Поездка на острова для молодых влюблённых студентов была незабываемой,SG-PL-SG,SG,PL,SG,gpt2,3.8939177989959717
russian,26,0,Поездка на острова для молодых влюблённых студентов были незабываемыми,SG-PL-PL,SG,PL,PL,gpt2,9.773599624633789
russian,26,0,Поездки на остров для молодых влюблённых студентов была незабываемой,PL-SG-SG,PL,SG,SG,gpt2,8.158439636230469
russian,26,0,Поездки на остров для молодых влюблённых студентов были незабываемыми,PL-SG-PL,PL,SG,PL,gpt2,4.622461795806885
russian,26,0,Поездки на острова для молодых влюблённых студентов была незабываемой,PL-PL-SG,PL,PL,SG,gpt2,8.242208480834961
russian,26,0,Поездки на острова для молодых влюблённых студентов были незабываемыми,PL-PL-PL,PL,PL,PL,gpt2,4.63762903213501
russian,27,0,Полёт через пролив из-за усилившегося северного ветра был запрещён,SG-SG-SG,SG,SG,SG,gpt2,3.7548491954803467
russian,27,0,Полёт через пролив из-за усилившегося северного ветра были запрещены,SG-SG-PL,SG,SG,PL,gpt2,10.087646484375
russian,27,0,Полёт через проливы из-за усилившегося северного ветра был запрещён,SG-PL-SG,SG,PL,SG,gpt2,3.9107918739318848
russian,27,0,Полёт через проливы из-за усилившегося северного ветра были запрещены,SG-PL-PL,SG,PL,PL,gpt2,9.615291595458984
russian,27,0,Полёты через пролив из-за усилившегося северного ветра был запрещён,PL-SG-SG,PL,SG,SG,gpt2,8.839531898498535
russian,27,0,Полёты через пролив из-за усилившегося северного ветра были запрещены,PL-SG-PL,PL,SG,PL,gpt2,4.2078118324279785
russian,27,0,Полёты через проливы из-за усилившегося северного ветра был запрещён,PL-PL-SG,PL,PL,SG,gpt2,9.073125839233398
russian,27,0,Полёты через проливы из-за усилившегося северного ветра были запрещены,PL-PL-PL,PL,PL,PL,gpt2,4.38646936416626
russian,28,0,Прогулка через парк для ценителей ландшафтного дизайна была приятной,SG-SG-SG,SG,SG,SG,gpt2,8.025842666625977
russian,28,0,Прогулка через парк для ценителей ландшафтного дизайна были приятными,SG-SG-PL,SG,SG,PL,gpt2,11.946525573730469
russian,28,0,Прогулка через парки для ценителей ландшафтного дизайна была приятной,SG-PL-SG,SG,PL,SG,gpt2,8.491625785827637
russian,28,0,Прогулка через парки для ценителей ландшафтного дизайна были приятными,SG-PL-PL,SG,PL,PL,gpt2,11.219823837280273
russian,28,0,Прогулки через парк для ценителей ландшафтного дизайна была приятной,PL-SG-SG,PL,SG,SG,gpt2,10.765379905700684
russian,28,0,Прогулки через парк для ценителей ландшафтного дизайна были приятными,PL-SG-PL,PL,SG,PL,gpt2,9.263111114501953
russian,28,0,Прогулки через парки для ценителей ландшафтного дизайна была приятной,PL-PL-SG,PL,PL,SG,gpt2,11.491812705993652
russian,28,0,Прогулки через парки для ценителей ландшафтного дизайна были приятными,PL-PL-PL,PL,PL,PL,gpt2,9.226561546325684
russian,29,0,Прыжок через костёр для обладателей коротких ног был рискованным,SG-SG-SG,SG,SG,SG,gpt2,5.85959529876709
russian,29,0,Прыжок через костёр для обладателей коротких ног были рискованными,SG-SG-PL,SG,SG,PL,gpt2,9.527359962463379
russian,29,0,Прыжок через костры для обладателей коротких ног был рискованным,SG-PL-SG,SG,PL,SG,gpt2,6.520573616027832
russian,29,0,Прыжок через костры для обладателей коротких ног были рискованными,SG-PL-PL,SG,PL,PL,gpt2,9.194400787353516
russian,29,0,Прыжки через костёр для обладателей коротких ног был рискованным,PL-SG-SG,PL,SG,SG,gpt2,9.977530479431152
russian,29,0,Прыжки через костёр для обладателей коротких ног были рискованными,PL-SG-PL,PL,SG,PL,gpt2,6.074620723724365
russian,29,0,Прыжки через костры для обладателей коротких ног был рискованным,PL-PL-SG,PL,PL,SG,gpt2,10.43088436126709
russian,29,0,Прыжки через костры для обладателей коротких ног были рискованными,PL-PL-PL,PL,PL,PL,gpt2,6.515107154846191
russian,30,0,Путешествие на курорт для членов большой семьи было приятным,SG-SG-SG,SG,SG,SG,gpt2,6.953895568847656
russian,30,0,Путешествие на курорт для членов большой семьи были приятными,SG-SG-PL,SG,SG,PL,gpt2,10.721563339233398
russian,30,0,Путешествие на курорты для членов большой семьи было приятным,SG-PL-SG,SG,PL,SG,gpt2,7.15020751953125
russian,30,0,Путешествие на курорты для членов большой семьи были приятными,SG-PL-PL,SG,PL,PL,gpt2,10.754517555236816
russian,30,0,Путешествия на курорт для членов большой семьи было приятным,PL-SG-SG,PL,SG,SG,gpt2,9.82761001586914
russian,30,0,Путешествия на курорт для членов большой семьи были приятными,PL-SG-PL,PL,SG,PL,gpt2,7.488747596740723
russian,30,0,Путешествия на курорты для членов большой семьи было приятным,PL-PL-SG,PL,PL,SG,gpt2,10.196745872497559
russian,30,0,Путешествия на курорты для членов большой семьи были приятными,PL-PL-PL,PL,PL,PL,gpt2,7.615278720855713
russian,31,0,Рецепт на порошок из-за частого предъявления аптекарям был мятым,SG-SG-SG,SG,SG,SG,gpt2,7.670877933502197
russian,31,0,Рецепт на порошок из-за частого предъявления аптекарям были мятыми,SG-SG-PL,SG,SG,PL,gpt2,10.407554626464844
russian,31,0,Рецепт на порошки из-за частого предъявления аптекарям был мятым,SG-PL-SG,SG,PL,SG,gpt2,7.947085380554199
russian,31,0,Рецепт на порошки из-за частого предъявления аптекарям были мятыми,SG-PL-PL,SG,PL,PL,gpt2,10.504130363464355
russian,31,0,Рецепты на порошок из-за частого предъявления аптекарям был мятым,PL-SG-SG,PL,SG,SG,gpt2,9.225790977478027
russian,31,0,Рецепты на порошок из-за частого предъявления аптекарям были мятыми,PL-SG-PL,PL,SG,PL,gpt2,8.048553466796875
russian,31,0,Рецепты на порошки из-за частого предъявления аптекарям был мятым,PL-PL-SG,PL,PL,SG,gpt2,9.453375816345215
russian,31,0,Рецепты на порошки из-за частого предъявления аптекарям были мятыми,PL-PL-PL,PL,PL,PL,gpt2,8.325839042663574
russian,32,0,Ссылка на сайт в списке источников статьи была дана,SG-SG-SG,SG,SG,SG,gpt2,6.659526348114014
russian,32,0,Ссылка на сайт в списке источников статьи были даны,SG-SG-PL,SG,SG,PL,gpt2,13.810812950134277
russian,32,0,Ссылка на сайты в списке источников статьи была дана,SG-PL-SG,SG,PL,SG,gpt2,6.412538528442383
russian,32,0,Ссылка на сайты в списке источников статьи были даны,SG-PL-PL,SG,PL,PL,gpt2,12.614694595336914
russian,32,0,Ссылки на сайт в списке источников статьи была дана,PL-SG-SG,PL,SG,SG,gpt2,11.740018844604492
russian,32,0,Ссылки на сайт в списке источников статьи были даны,PL-SG-PL,PL,SG,PL,gpt2,6.64465856552124
russian,32,0,Ссылки на сайты в списке источников статьи была дана,PL-PL-SG,PL,PL,SG,gpt2,11.9425687789917
russian,32,0,Ссылки на сайты в списке источников статьи были даны,PL-PL-PL,PL,PL,PL,gpt2,6.581465721130371
russian,33,0,Талон на обед во время большой перемены был выдан,SG-SG-SG,SG,SG,SG,gpt2,5.274163722991943
russian,33,0,Талон на обед во время большой перемены были выданы,SG-SG-PL,SG,SG,PL,gpt2,8.654569625854492
russian,33,0,Талон на обеды во время большой перемены был выдан,SG-PL-SG,SG,PL,SG,gpt2,5.9101738929748535
russian,33,0,Талон на обеды во время большой перемены были выданы,SG-PL-PL,SG,PL,PL,gpt2,7.90075159072876
russian,33,0,Талоны на обед во время большой перемены был выдан,PL-SG-SG,PL,SG,SG,gpt2,9.86018180847168
russian,33,0,Талоны на обед во время большой перемены были выданы,PL-SG-PL,PL,SG,PL,gpt2,5.526846885681152
russian,33,0,Талоны на обеды во время большой перемены был выдан,PL-PL-SG,PL,PL,SG,gpt2,10.721049308776855
russian,33,0,Талоны на обеды во время большой перемены были выданы,PL-PL-PL,PL,PL,PL,gpt2,6.130053520202637
russian,34,0,Ткань на пиджак в каталоге весенней коллекции была подобрана,SG-SG-SG,SG,SG,SG,gpt2,7.9803266525268555
russian,34,0,Ткань на пиджак в каталоге весенней коллекции были подобраны,SG-SG-PL,SG,SG,PL,gpt2,9.623170852661133
russian,34,0,Ткань на пиджаки в каталоге весенней коллекции была подобрана,SG-PL-SG,SG,PL,SG,gpt2,8.119729995727539
russian,34,0,Ткань на пиджаки в каталоге весенней коллекции были подобраны,SG-PL-PL,SG,PL,PL,gpt2,9.201742172241211
russian,34,0,Ткани на пиджак в каталоге весенней коллекции была подобрана,PL-SG-SG,PL,SG,SG,gpt2,8.977651596069336
russian,34,0,Ткани на пиджак в каталоге весенней коллекции были подобраны,PL-SG-PL,PL,SG,PL,gpt2,7.300352096557617
russian,34,0,Ткани на пиджаки в каталоге весенней коллекции была подобрана,PL-PL-SG,PL,PL,SG,gpt2,9.403380393981934
russian,34,0,Ткани на пиджаки в каталоге весенней коллекции были подобраны,PL-PL-PL,PL,PL,PL,gpt2,7.335781097412109
russian,35,0,Трасса через поле по меркам местных жителей была новой,SG-SG-SG,SG,SG,SG,gpt2,2.204577922821045
russian,35,0,Трасса через поле по меркам местных жителей были новыми,SG-SG-PL,SG,SG,PL,gpt2,8.508535385131836
russian,35,0,Трасса через поля по меркам местных жителей была новой,SG-PL-SG,SG,PL,SG,gpt2,2.2175357341766357
russian,35,0,Трасса через поля по меркам местных жителей были новыми,SG-PL-PL,SG,PL,PL,gpt2,8.313882827758789
russian,35,0,Трассы через поле по меркам местных жителей была новой,PL-SG-SG,PL,SG,SG,gpt2,6.834186553955078
russian,35,0,Трассы через поле по меркам местных жителей были новыми,PL-SG-PL,PL,SG,PL,gpt2,2.4288251399993896
russian,35,0,Трассы через поля по меркам местных жителей была новой,PL-PL-SG,PL,PL,SG,gpt2,7.258203029632568
russian,35,0,Трассы через поля по меркам местных жителей были новыми,PL-PL-PL,PL,PL,PL,gpt2,2.49043607711792
russian,36,0,Тропинка через луг во время деревенской ярмарки была протоптана,SG-SG-SG,SG,SG,SG,gpt2,4.823002815246582
russian,36,0,Тропинка через луг во время деревенской ярмарки были протоптаны,SG-SG-PL,SG,SG,PL,gpt2,9.134771347045898
russian,36,0,Тропинка через луга во время деревенской ярмарки была протоптана,SG-PL-SG,SG,PL,SG,gpt2,4.891016960144043
russian,36,0,Тропинка через луга во время деревенской ярмарки были протоптаны,SG-PL-PL,SG,PL,PL,gpt2,8.955997467041016
russian,36,0,Тропинки через луг во время деревенской ярмарки была протоптана,PL-SG-SG,PL,SG,SG,gpt2,8.134943962097168
russian,36,0,Тропинки через луг во время деревенской ярмарки были протоптаны,PL-SG-PL,PL,SG,PL,gpt2,5.5443243980407715
russian,36,0,Тропинки через луга во время деревенской ярмарки была протоптана,PL-PL-SG,PL,PL,SG,gpt2,8.413532257080078
russian,36,0,Тропинки через луга во время деревенской ярмарки были протоптаны,PL-PL-PL,PL,PL,PL,gpt2,5.418424606323242
russian,37,0,Тур на озеро для участников последней поездки был незабываемым,SG-SG-SG,SG,SG,SG,gpt2,4.377283096313477
russian,37,0,Тур на озеро для участников последней поездки были незабываемыми,SG-SG-PL,SG,SG,PL,gpt2,6.668774604797363
russian,37,0,Тур на озёра для участников последней поездки был незабываемым,SG-PL-SG,SG,PL,SG,gpt2,5.107532978057861
russian,37,0,Тур на озёра для участников последней поездки были незабываемыми,SG-PL-PL,SG,PL,PL,gpt2,5.873520374298096
russian,37,0,Туры на озеро для участников последней поездки был незабываемым,PL-SG-SG,PL,SG,SG,gpt2,8.584314346313477
russian,37,0,Туры на озеро для участников последней поездки были незабываемыми,PL-SG-PL,PL,SG,PL,gpt2,4.810571193695068
russian,37,0,Туры на озёра для участников последней поездки был незабываемым,PL-PL-SG,PL,PL,SG,gpt2,8.722100257873535
russian,37,0,Туры на озёра для участников последней поездки были незабываемыми,PL-PL-PL,PL,PL,PL,gpt2,4.847064018249512
russian,38,0,Удар в колено для юных неопытных борцов был болезненным,SG-SG-SG,SG,SG,SG,gpt2,5.078762054443359
russian,38,0,Удар в колено для юных неопытных борцов были болезненными,SG-SG-PL,SG,SG,PL,gpt2,7.008633613586426
russian,38,0,Удар в колени для юных неопытных борцов был болезненным,SG-PL-SG,SG,PL,SG,gpt2,5.526251792907715
russian,38,0,Удар в колени для юных неопытных борцов были болезненными,SG-PL-PL,SG,PL,PL,gpt2,6.384598255157471
russian,38,0,Удары в колено для юных неопытных борцов был болезненным,PL-SG-SG,PL,SG,SG,gpt2,8.145812034606934
russian,38,0,Удары в колено для юных неопытных борцов были болезненными,PL-SG-PL,PL,SG,PL,gpt2,4.660970687866211
russian,38,0,Удары в колени для юных неопытных борцов был болезненным,PL-PL-SG,PL,PL,SG,gpt2,8.004786491394043
russian,38,0,Удары в колени для юных неопытных борцов были болезненными,PL-PL-PL,PL,PL,PL,gpt2,4.616520881652832
russian,39,0,Цена на продукт из-за плохого качества сырья была низкой,SG-SG-SG,SG,SG,SG,gpt2,5.8028693199157715
russian,39,0,Цена на продукт из-за плохого качества сырья были низкими,SG-SG-PL,SG,SG,PL,gpt2,10.92078685760498
russian,39,0,Цена на продукты из-за плохого качества сырья была низкой,SG-PL-SG,SG,PL,SG,gpt2,5.792712211608887
russian,39,0,Цена на продукты из-за плохого качества сырья были низкими,SG-PL-PL,SG,PL,PL,gpt2,10.01884937286377
russian,39,0,Цены на продукт из-за плохого качества сырья была низкой,PL-SG-SG,PL,SG,SG,gpt2,9.740376472473145
russian,39,0,Цены на продукт из-за плохого качества сырья были низкими,PL-SG-PL,PL,SG,PL,gpt2,5.476065158843994
russian,39,0,Цены на продукты из-за плохого качества сырья была низкой,PL-PL-SG,PL,PL,SG,gpt2,10.214776992797852
russian,39,0,Цены на продукты из-за плохого качества сырья были низкими,PL-PL-PL,PL,PL,PL,gpt2,5.501541614532471
russian,40,0,Штраф за прогул в целях воспитания сотрудников был введён,SG-SG-SG,SG,SG,SG,gpt2,7.120270729064941
russian,40,0,Штраф за прогул в целях воспитания сотрудников были введены,SG-SG-PL,SG,SG,PL,gpt2,9.296271324157715
russian,40,0,Штраф за прогулы в целях воспитания сотрудников был введён,SG-PL-SG,SG,PL,SG,gpt2,6.21561336517334
russian,40,0,Штраф за прогулы в целях воспитания сотрудников были введены,SG-PL-PL,SG,PL,PL,gpt2,9.093692779541016
russian,40,0,Штрафы за прогул в целях воспитания сотрудников был введён,PL-SG-SG,PL,SG,SG,gpt2,8.154428482055664
russian,40,0,Штрафы за прогул в целях воспитания сотрудников были введены,PL-SG-PL,PL,SG,PL,gpt2,6.332640647888184
russian,40,0,Штрафы за прогулы в целях воспитания сотрудников был введён,PL-PL-SG,PL,PL,SG,gpt2,7.8557820320129395
russian,40,0,Штрафы за прогулы в целях воспитания сотрудников были введены,PL-PL-PL,PL,PL,PL,gpt2,5.7584228515625
russian,41,1,Аргумент против обвинения для адвоката пострадавшей стороны был сокрушительным,SG-SG-SG,SG,SG,SG,gpt2,5.197986125946045
russian,41,1,Аргумент против обвинения для адвоката пострадавшей стороны были сокрушительными,SG-SG-PL,SG,SG,PL,gpt2,11.110445976257324
russian,41,1,Аргумент против обвинений для адвоката пострадавшей стороны был сокрушительным,SG-PL-SG,SG,PL,SG,gpt2,5.141293048858643
russian,41,1,Аргумент против обвинений для адвоката пострадавшей стороны были сокрушительными,SG-PL-PL,SG,PL,PL,gpt2,10.793031692504883
russian,41,1,Аргументы против обвинения для адвоката пострадавшей стороны был сокрушительным,PL-SG-SG,PL,SG,SG,gpt2,9.579419136047363
russian,41,1,Аргументы против обвинения для адвоката пострадавшей стороны были сокрушительными,PL-SG-PL,PL,SG,PL,gpt2,5.198829650878906
russian,41,1,Аргументы против обвинений для адвоката пострадавшей стороны был сокрушительным,PL-PL-SG,PL,PL,SG,gpt2,9.733033180236816
russian,41,1,Аргументы против обвинений для адвоката пострадавшей стороны были сокрушительными,PL-PL-PL,PL,PL,PL,gpt2,5.14593505859375
russian,42,1,Видеозапись с лекции для пропустивших занятия студентов была содержательной,SG-SG-SG,SG,SG,SG,gpt2,7.052408218383789
russian,42,1,Видеозапись с лекции для пропустивших занятия студентов были содержательными,SG-SG-PL,SG,SG,PL,gpt2,8.734140396118164
russian,42,1,Видеозапись с лекций для пропустивших занятия студентов была содержательной,SG-PL-SG,SG,PL,SG,gpt2,7.165305137634277
russian,42,1,Видеозапись с лекций для пропустивших занятия студентов были содержательными,SG-PL-PL,SG,PL,PL,gpt2,8.573057174682617
russian,42,1,Видеозаписи с лекции для пропустивших занятия студентов была содержательной,PL-SG-SG,PL,SG,SG,gpt2,8.610694885253906
russian,42,1,Видеозаписи с лекции для пропустивших занятия студентов были содержательными,PL-SG-PL,PL,SG,PL,gpt2,6.663632869720459
russian,42,1,Видеозаписи с лекций для пропустивших занятия студентов была содержательной,PL-PL-SG,PL,PL,SG,gpt2,9.187548637390137
russian,42,1,Видеозаписи с лекций для пропустивших занятия студентов были содержательными,PL-PL-PL,PL,PL,PL,gpt2,6.634047508239746
russian,43,1,Вывод из поражения из-за тщательного анализа ситуации был верным,SG-SG-SG,SG,SG,SG,gpt2,5.3472371101379395
russian,43,1,Вывод из поражения из-за тщательного анализа ситуации были верными,SG-SG-PL,SG,SG,PL,gpt2,7.782933712005615
russian,43,1,Вывод из поражений из-за тщательного анализа ситуации был верным,SG-PL-SG,SG,PL,SG,gpt2,6.020685195922852
russian,43,1,Вывод из поражений из-за тщательного анализа ситуации были верными,SG-PL-PL,SG,PL,PL,gpt2,8.167426109313965
russian,43,1,Выводы из поражения из-за тщательного анализа ситуации был верным,PL-SG-SG,PL,SG,SG,gpt2,8.61568832397461
russian,43,1,Выводы из поражения из-за тщательного анализа ситуации были верными,PL-SG-PL,PL,SG,PL,gpt2,5.301965713500977
russian,43,1,Выводы из поражений из-за тщательного анализа ситуации был верным,PL-PL-SG,PL,PL,SG,gpt2,9.144538879394531
russian,43,1,Выводы из поражений из-за тщательного анализа ситуации были верными,PL-PL-PL,PL,PL,PL,gpt2,5.861562252044678
russian,44,1,Выдержка из книги для упрощения процесса запоминания была краткой,SG-SG-SG,SG,SG,SG,gpt2,9.892805099487305
russian,44,1,Выдержка из книги для упрощения процесса запоминания были краткими,SG-SG-PL,SG,SG,PL,gpt2,10.55427360534668
russian,44,1,Выдержка из книг для упрощения процесса запоминания была краткой,SG-PL-SG,SG,PL,SG,gpt2,9.62511920928955
russian,44,1,Выдержка из книг для упрощения процесса запоминания были краткими,SG-PL-PL,SG,PL,PL,gpt2,9.971353530883789
russian,44,1,Выдержки из книги для упрощения процесса запоминания была краткой,PL-SG-SG,PL,SG,SG,gpt2,10.229904174804688
russian,44,1,Выдержки из книги для упрощения процесса запоминания были краткими,PL-SG-PL,PL,SG,PL,gpt2,9.476903915405273
russian,44,1,Выдержки из книг для упрощения процесса запоминания была краткой,PL-PL-SG,PL,PL,SG,gpt2,10.266910552978516
russian,44,1,Выдержки из книг для упрощения процесса запоминания были краткими,PL-PL-PL,PL,PL,PL,gpt2,8.82507610321045
russian,45,1,Выписка из программы во время затянувшегося заседания была сделана,SG-SG-SG,SG,SG,SG,gpt2,6.290614128112793
russian,45,1,Выписка из программы во время затянувшегося заседания были сделаны,SG-SG-PL,SG,SG,PL,gpt2,8.582801818847656
russian,45,1,Выписка из программ во время затянувшегося заседания была сделана,SG-PL-SG,SG,PL,SG,gpt2,6.428117752075195
russian,45,1,Выписка из программ во время затянувшегося заседания были сделаны,SG-PL-PL,SG,PL,PL,gpt2,8.366535186767578
russian,45,1,Выписки из программы во время затянувшегося заседания была сделана,PL-SG-SG,PL,SG,SG,gpt2,9.244220733642578
russian,45,1,Выписки из программы во время затянувшегося заседания были сделаны,PL-SG-PL,PL,SG,PL,gpt2,5.729766368865967
russian,45,1,Выписки из программ во время затянувшегося заседания была сделана,PL-PL-SG,PL,PL,SG,gpt2,9.57988166809082
russian,45,1,Выписки из программ во время затянувшегося заседания были сделаны,PL-PL-PL,PL,PL,PL,gpt2,5.572141647338867
russian,46,1,Выход из ситуации для опытного школьного психолога был очевидным,SG-SG-SG,SG,SG,SG,gpt2,5.857661247253418
russian,46,1,Выход из ситуации для опытного школьного психолога были очевидными,SG-SG-PL,SG,SG,PL,gpt2,12.07261848449707
russian,46,1,Выход из ситуаций для опытного школьного психолога был очевидным,SG-PL-SG,SG,PL,SG,gpt2,6.301579475402832
russian,46,1,Выход из ситуаций для опытного школьного психолога были очевидными,SG-PL-PL,SG,PL,PL,gpt2,11.897598266601562
russian,46,1,Выходы из ситуации для опытного школьного психолога был очевидным,PL-SG-SG,PL,SG,SG,gpt2,10.216103553771973
russian,46,1,Выходы из ситуации для опытного школьного психолога были очевидными,PL-SG-PL,PL,SG,PL,gpt2,6.050126075744629
russian,46,1,Выходы из ситуаций для опытного школьного психолога был очевидным,PL-PL-SG,PL,PL,SG,gpt2,10.749434471130371
russian,46,1,Выходы из ситуаций для опытного школьного психолога были очевидными,PL-PL-PL,PL,PL,PL,gpt2,6.369279861450195
russian,47,1,Доска для афиши к ограде маленького театра была прибита,SG-SG-SG,SG,SG,SG,gpt2,5.4469404220581055
russian,47,1,Доска для афиши к ограде маленького театра были прибиты,SG-SG-PL,SG,SG,PL,gpt2,8.18741226196289
russian,47,1,Доска для афиш к ограде маленького театра была прибита,SG-PL-SG,SG,PL,SG,gpt2,5.482364654541016
russian,47,1,Доска для афиш к ограде маленького театра были прибиты,SG-PL-PL,SG,PL,PL,gpt2,8.09850025177002
russian,47,1,Доски для афиши к ограде маленького театра была прибита,PL-SG-SG,PL,SG,SG,gpt2,7.809514999389648
russian,47,1,Доски для афиши к ограде маленького театра были прибиты,PL-SG-PL,PL,SG,PL,gpt2,4.885669231414795
russian,47,1,Доски для афиш к ограде маленького театра была прибита,PL-PL-SG,PL,PL,SG,gpt2,7.997820854187012
russian,47,1,Доски для афиш к ограде маленького театра были прибиты,PL-PL-PL,PL,PL,PL,gpt2,4.88967227935791
russian,48,1,Задержка из-за наводнения из-за отсутствия достоверной информации была пугающей,SG-SG-SG,SG,SG,SG,gpt2,6.013765811920166
russian,48,1,Задержка из-за наводнения из-за отсутствия достоверной информации были пугающими,SG-SG-PL,SG,SG,PL,gpt2,8.544608116149902
russian,48,1,Задержка из-за наводнений из-за отсутствия достоверной информации была пугающей,SG-PL-SG,SG,PL,SG,gpt2,6.232171058654785
russian,48,1,Задержка из-за наводнений из-за отсутствия достоверной информации были пугающими,SG-PL-PL,SG,PL,PL,gpt2,8.685931205749512
russian,48,1,Задержки из-за наводнения из-за отсутствия достоверной информации была пугающей,PL-SG-SG,PL,SG,SG,gpt2,8.169705390930176
russian,48,1,Задержки из-за наводнения из-за отсутствия достоверной информации были пугающими,PL-SG-PL,PL,SG,PL,gpt2,5.619196891784668
russian,48,1,Задержки из-за наводнений из-за отсутствия достоверной информации была пугающей,PL-PL-SG,PL,PL,SG,gpt2,8.160815238952637
russian,48,1,Задержки из-за наводнений из-за отсутствия достоверной информации были пугающими,PL-PL-PL,PL,PL,PL,gpt2,6.043822288513184
russian,49,1,Зал для заседания по масштабам небольшого городка был громадным,SG-SG-SG,SG,SG,SG,gpt2,4.048636436462402
russian,49,1,Зал для заседания по масштабам небольшого городка были громадными,SG-SG-PL,SG,SG,PL,gpt2,8.558502197265625
russian,49,1,Зал для заседаний по масштабам небольшого городка был громадным,SG-PL-SG,SG,PL,SG,gpt2,3.841381072998047
russian,49,1,Зал для заседаний по масштабам небольшого городка были громадными,SG-PL-PL,SG,PL,PL,gpt2,8.229240417480469
russian,49,1,Залы для заседания по масштабам небольшого городка был громадным,PL-SG-SG,PL,SG,SG,gpt2,7.826296806335449
russian,49,1,Залы для заседания по масштабам небольшого городка были громадными,PL-SG-PL,PL,SG,PL,gpt2,4.099864959716797
russian,49,1,Залы для заседаний по масштабам небольшого городка был громадным,PL-PL-SG,PL,PL,SG,gpt2,7.949037075042725
russian,49,1,Залы для заседаний по масштабам небольшого городка были громадными,PL-PL-PL,PL,PL,PL,gpt2,3.9693636894226074
russian,50,1,Запчасть для иномарки по меркам современного автовладельца была старой,SG-SG-SG,SG,SG,SG,gpt2,5.785522937774658
russian,50,1,Запчасть для иномарки по меркам современного автовладельца были старыми,SG-SG-PL,SG,SG,PL,gpt2,10.003698348999023
russian,50,1,Запчасть для иномарок по меркам современного автовладельца была старой,SG-PL-SG,SG,PL,SG,gpt2,5.884496212005615
russian,50,1,Запчасть для иномарок по меркам современного автовладельца были старыми,SG-PL-PL,SG,PL,PL,gpt2,10.004053115844727
russian,50,1,Запчасти для иномарки по меркам современного автовладельца была старой,PL-SG-SG,PL,SG,SG,gpt2,10.452285766601562
russian,50,1,Запчасти для иномарки по меркам современного автовладельца были старыми,PL-SG-PL,PL,SG,PL,gpt2,5.636131286621094
russian,50,1,Запчасти для иномарок по меркам современного автовладельца была старой,PL-PL-SG,PL,PL,SG,gpt2,10.3217134475708
russian,50,1,Запчасти для иномарок по меркам современного автовладельца были старыми,PL-PL-PL,PL,PL,PL,gpt2,5.591909885406494
russian,51,1,Исключение из правила на аккуратно свёрнутую шпаргалку было выписано,SG-SG-SG,SG,SG,SG,gpt2,5.454975128173828
russian,51,1,Исключение из правила на аккуратно свёрнутую шпаргалку были выписаны,SG-SG-PL,SG,SG,PL,gpt2,8.61889362335205
russian,51,1,Исключение из правил на аккуратно свёрнутую шпаргалку было выписано,SG-PL-SG,SG,PL,SG,gpt2,5.692747592926025
russian,51,1,Исключение из правил на аккуратно свёрнутую шпаргалку были выписаны,SG-PL-PL,SG,PL,PL,gpt2,8.47486686706543
russian,51,1,Исключения из правила на аккуратно свёрнутую шпаргалку было выписано,PL-SG-SG,PL,SG,SG,gpt2,8.064050674438477
russian,51,1,Исключения из правила на аккуратно свёрнутую шпаргалку были выписаны,PL-SG-PL,PL,SG,PL,gpt2,6.5470499992370605
russian,51,1,Исключения из правил на аккуратно свёрнутую шпаргалку было выписано,PL-PL-SG,PL,PL,SG,gpt2,8.31974983215332
russian,51,1,Исключения из правил на аккуратно свёрнутую шпаргалку были выписаны,PL-PL-PL,PL,PL,PL,gpt2,6.665928840637207
russian,52,1,Истерика из-за оценки по мнению родителей девочки была бурной,SG-SG-SG,SG,SG,SG,gpt2,5.219370365142822
russian,52,1,Истерика из-за оценки по мнению родителей девочки были бурными,SG-SG-PL,SG,SG,PL,gpt2,7.729747295379639
russian,52,1,Истерика из-за оценок по мнению родителей девочки была бурной,SG-PL-SG,SG,PL,SG,gpt2,5.010005950927734
russian,52,1,Истерика из-за оценок по мнению родителей девочки были бурными,SG-PL-PL,SG,PL,PL,gpt2,7.727975368499756
russian,52,1,Истерики из-за оценки по мнению родителей девочки была бурной,PL-SG-SG,PL,SG,SG,gpt2,8.630949020385742
russian,52,1,Истерики из-за оценки по мнению родителей девочки были бурными,PL-SG-PL,PL,SG,PL,gpt2,4.803370475769043
russian,52,1,Истерики из-за оценок по мнению родителей девочки была бурной,PL-PL-SG,PL,PL,SG,gpt2,9.323793411254883
russian,52,1,Истерики из-за оценок по мнению родителей девочки были бурными,PL-PL-PL,PL,PL,PL,gpt2,4.899317741394043
russian,53,1,Камень для ограды с лучшей итальянской каменоломни был завезён,SG-SG-SG,SG,SG,SG,gpt2,4.873139381408691
russian,53,1,Камень для ограды с лучшей итальянской каменоломни были завезены,SG-SG-PL,SG,SG,PL,gpt2,9.309183120727539
russian,53,1,Камень для оград с лучшей итальянской каменоломни был завезён,SG-PL-SG,SG,PL,SG,gpt2,5.074829578399658
russian,53,1,Камень для оград с лучшей итальянской каменоломни были завезены,SG-PL-PL,SG,PL,PL,gpt2,9.558058738708496
russian,53,1,Камни для ограды с лучшей итальянской каменоломни был завезён,PL-SG-SG,PL,SG,SG,gpt2,8.304651260375977
russian,53,1,Камни для ограды с лучшей итальянской каменоломни были завезены,PL-SG-PL,PL,SG,PL,gpt2,5.465693473815918
russian,53,1,Камни для оград с лучшей итальянской каменоломни был завезён,PL-PL-SG,PL,PL,SG,gpt2,8.572918891906738
russian,53,1,Камни для оград с лучшей итальянской каменоломни были завезены,PL-PL-PL,PL,PL,PL,gpt2,5.781782150268555
russian,54,1,Кирпич для дачи со склада бракованной продукции был привезён,SG-SG-SG,SG,SG,SG,gpt2,8.15371036529541
russian,54,1,Кирпич для дачи со склада бракованной продукции были привезены,SG-SG-PL,SG,SG,PL,gpt2,12.125829696655273
russian,54,1,Кирпич для дач со склада бракованной продукции был привезён,SG-PL-SG,SG,PL,SG,gpt2,7.218983173370361
russian,54,1,Кирпич для дач со склада бракованной продукции были привезены,SG-PL-PL,SG,PL,PL,gpt2,11.381328582763672
russian,54,1,Кирпичи для дачи со склада бракованной продукции был привезён,PL-SG-SG,PL,SG,SG,gpt2,11.659652709960938
russian,54,1,Кирпичи для дачи со склада бракованной продукции были привезены,PL-SG-PL,PL,SG,PL,gpt2,8.539786338806152
russian,54,1,Кирпичи для дач со склада бракованной продукции был привезён,PL-PL-SG,PL,PL,SG,gpt2,11.047425270080566
russian,54,1,Кирпичи для дач со склада бракованной продукции были привезены,PL-PL-PL,PL,PL,PL,gpt2,7.758056640625
russian,55,1,Ключ от шкатулки из-за высокой влажности воздуха был ржавым,SG-SG-SG,SG,SG,SG,gpt2,4.445845603942871
russian,55,1,Ключ от шкатулки из-за высокой влажности воздуха были ржавыми,SG-SG-PL,SG,SG,PL,gpt2,8.985770225524902
russian,55,1,Ключ от шкатулок из-за высокой влажности воздуха был ржавым,SG-PL-SG,SG,PL,SG,gpt2,5.083012580871582
russian,55,1,Ключ от шкатулок из-за высокой влажности воздуха были ржавыми,SG-PL-PL,SG,PL,PL,gpt2,9.089313507080078
russian,55,1,Ключи от шкатулки из-за высокой влажности воздуха был ржавым,PL-SG-SG,PL,SG,SG,gpt2,10.59340763092041
russian,55,1,Ключи от шкатулки из-за высокой влажности воздуха были ржавыми,PL-SG-PL,PL,SG,PL,gpt2,4.951552867889404
russian,55,1,Ключи от шкатулок из-за высокой влажности воздуха был ржавым,PL-PL-SG,PL,PL,SG,gpt2,10.797341346740723
russian,55,1,Ключи от шкатулок из-за высокой влажности воздуха были ржавыми,PL-PL-PL,PL,PL,PL,gpt2,5.65372896194458
russian,56,1,Комната для вечеринки из-за малого количества мебели была просторной,SG-SG-SG,SG,SG,SG,gpt2,3.5027289390563965
russian,56,1,Комната для вечеринки из-за малого количества мебели были просторными,SG-SG-PL,SG,SG,PL,gpt2,8.377471923828125
russian,56,1,Комната для вечеринок из-за малого количества мебели была просторной,SG-PL-SG,SG,PL,SG,gpt2,3.589704990386963
russian,56,1,Комната для вечеринок из-за малого количества мебели были просторными,SG-PL-PL,SG,PL,PL,gpt2,8.269145965576172
russian,56,1,Комнаты для вечеринки из-за малого количества мебели была просторной,PL-SG-SG,PL,SG,SG,gpt2,7.775312423706055
russian,56,1,Комнаты для вечеринки из-за малого количества мебели были просторными,PL-SG-PL,PL,SG,PL,gpt2,4.913749694824219
russian,56,1,Комнаты для вечеринок из-за малого количества мебели была просторной,PL-PL-SG,PL,PL,SG,gpt2,8.010586738586426
russian,56,1,Комнаты для вечеринок из-за малого количества мебели были просторными,PL-PL-PL,PL,PL,PL,gpt2,5.111915111541748
russian,57,1,Кондиционер для помещения из-за ошибки заводских сборщиков был неисправен,SG-SG-SG,SG,SG,SG,gpt2,6.364294052124023
russian,57,1,Кондиционер для помещения из-за ошибки заводских сборщиков были неисправны,SG-SG-PL,SG,SG,PL,gpt2,8.006237983703613
russian,57,1,Кондиционер для помещений из-за ошибки заводских сборщиков был неисправен,SG-PL-SG,SG,PL,SG,gpt2,6.1272101402282715
russian,57,1,Кондиционер для помещений из-за ошибки заводских сборщиков были неисправны,SG-PL-PL,SG,PL,PL,gpt2,7.69551944732666
russian,57,1,Кондиционеры для помещения из-за ошибки заводских сборщиков был неисправен,PL-SG-SG,PL,SG,SG,gpt2,10.183507919311523
russian,57,1,Кондиционеры для помещения из-за ошибки заводских сборщиков были неисправны,PL-SG-PL,PL,SG,PL,gpt2,5.6463117599487305
russian,57,1,Кондиционеры для помещений из-за ошибки заводских сборщиков был неисправен,PL-PL-SG,PL,PL,SG,gpt2,10.357093811035156
russian,57,1,Кондиционеры для помещений из-за ошибки заводских сборщиков были неисправны,PL-PL-PL,PL,PL,PL,gpt2,5.309093952178955
russian,58,1,Коробка для краски из-за экологических убеждений производителя была картонной,SG-SG-SG,SG,SG,SG,gpt2,4.898573875427246
russian,58,1,Коробка для краски из-за экологических убеждений производителя были картонными,SG-SG-PL,SG,SG,PL,gpt2,8.841629981994629
russian,58,1,Коробка для красок из-за экологических убеждений производителя была картонной,SG-PL-SG,SG,PL,SG,gpt2,4.901355743408203
russian,58,1,Коробка для красок из-за экологических убеждений производителя были картонными,SG-PL-PL,SG,PL,PL,gpt2,8.51268196105957
russian,58,1,Коробки для краски из-за экологических убеждений производителя была картонной,PL-SG-SG,PL,SG,SG,gpt2,8.620247840881348
russian,58,1,Коробки для краски из-за экологических убеждений производителя были картонными,PL-SG-PL,PL,SG,PL,gpt2,5.107102870941162
russian,58,1,Коробки для красок из-за экологических убеждений производителя была картонной,PL-PL-SG,PL,PL,SG,gpt2,8.669465065002441
russian,58,1,Коробки для красок из-за экологических убеждений производителя были картонными,PL-PL-PL,PL,PL,PL,gpt2,5.034454822540283
russian,59,1,Лекарство от болезни для отдельных категорий граждан было доступным,SG-SG-SG,SG,SG,SG,gpt2,7.785719871520996
russian,59,1,Лекарство от болезни для отдельных категорий граждан были доступными,SG-SG-PL,SG,SG,PL,gpt2,9.911048889160156
russian,59,1,Лекарство от болезней для отдельных категорий граждан было доступным,SG-PL-SG,SG,PL,SG,gpt2,8.094983100891113
russian,59,1,Лекарство от болезней для отдельных категорий граждан были доступными,SG-PL-PL,SG,PL,PL,gpt2,9.989399909973145
russian,59,1,Лекарства от болезни для отдельных категорий граждан было доступным,PL-SG-SG,PL,SG,SG,gpt2,11.641239166259766
russian,59,1,Лекарства от болезни для отдельных категорий граждан были доступными,PL-SG-PL,PL,SG,PL,gpt2,7.02741003036499
russian,59,1,Лекарства от болезней для отдельных категорий граждан было доступным,PL-PL-SG,PL,PL,SG,gpt2,11.904620170593262
russian,59,1,Лекарства от болезней для отдельных категорий граждан были доступными,PL-PL-PL,PL,PL,PL,gpt2,7.358776569366455
russian,60,1,Лимузин для свадьбы с яркими розовыми бантами был белым,SG-SG-SG,SG,SG,SG,gpt2,5.745054721832275
russian,60,1,Лимузин для свадьбы с яркими розовыми бантами были белыми,SG-SG-PL,SG,SG,PL,gpt2,8.763772964477539
russian,60,1,Лимузин для свадеб с яркими розовыми бантами был белым,SG-PL-SG,SG,PL,SG,gpt2,5.9222025871276855
russian,60,1,Лимузин для свадеб с яркими розовыми бантами были белыми,SG-PL-PL,SG,PL,PL,gpt2,9.190799713134766
russian,60,1,Лимузины для свадьбы с яркими розовыми бантами был белым,PL-SG-SG,PL,SG,SG,gpt2,9.074847221374512
russian,60,1,Лимузины для свадьбы с яркими розовыми бантами были белыми,PL-SG-PL,PL,SG,PL,gpt2,6.210322380065918
russian,60,1,Лимузины для свадеб с яркими розовыми бантами был белым,PL-PL-SG,PL,PL,SG,gpt2,9.300785064697266
russian,60,1,Лимузины для свадеб с яркими розовыми бантами были белыми,PL-PL-PL,PL,PL,PL,gpt2,6.512133598327637
russian,61,1,Лозунг из листовки с целью привлечения внимания был придуман,SG-SG-SG,SG,SG,SG,gpt2,8.109404563903809
russian,61,1,Лозунг из листовки с целью привлечения внимания были придуманы,SG-SG-PL,SG,SG,PL,gpt2,9.338021278381348
russian,61,1,Лозунг из листовок с целью привлечения внимания был придуман,SG-PL-SG,SG,PL,SG,gpt2,7.953378677368164
russian,61,1,Лозунг из листовок с целью привлечения внимания были придуманы,SG-PL-PL,SG,PL,PL,gpt2,9.013845443725586
russian,61,1,Лозунги из листовки с целью привлечения внимания был придуман,PL-SG-SG,PL,SG,SG,gpt2,8.170347213745117
russian,61,1,Лозунги из листовки с целью привлечения внимания были придуманы,PL-SG-PL,PL,SG,PL,gpt2,7.9591569900512695
russian,61,1,Лозунги из листовок с целью привлечения внимания был придуман,PL-PL-SG,PL,PL,SG,gpt2,8.07407283782959
russian,61,1,Лозунги из листовок с целью привлечения внимания были придуманы,PL-PL-PL,PL,PL,PL,gpt2,7.50773811340332
russian,62,1,Массовка для съёмки из числа местных студентов была набрана,SG-SG-SG,SG,SG,SG,gpt2,4.983462810516357
russian,62,1,Массовка для съёмки из числа местных студентов были набраны,SG-SG-PL,SG,SG,PL,gpt2,8.522069931030273
russian,62,1,Массовка для съёмок из числа местных студентов была набрана,SG-PL-SG,SG,PL,SG,gpt2,4.955111980438232
russian,62,1,Массовка для съёмок из числа местных студентов были набраны,SG-PL-PL,SG,PL,PL,gpt2,8.696467399597168
russian,62,1,Массовки для съёмки из числа местных студентов была набрана,PL-SG-SG,PL,SG,SG,gpt2,8.288885116577148
russian,62,1,Массовки для съёмки из числа местных студентов были набраны,PL-SG-PL,PL,SG,PL,gpt2,5.179424285888672
russian,62,1,Массовки для съёмок из числа местных студентов была набрана,PL-PL-SG,PL,PL,SG,gpt2,8.604516983032227
russian,62,1,Массовки для съёмок из числа местных студентов были набраны,PL-PL-PL,PL,PL,PL,gpt2,5.104333400726318
russian,63,1,Материал для крыши из-за нарушения режима хранения был бракованным,SG-SG-SG,SG,SG,SG,gpt2,6.4571027755737305
russian,63,1,Материал для крыши из-за нарушения режима хранения были бракованными,SG-SG-PL,SG,SG,PL,gpt2,8.690167427062988
russian,63,1,Материал для крыш из-за нарушения режима хранения был бракованным,SG-PL-SG,SG,PL,SG,gpt2,6.47263240814209
russian,63,1,Материал для крыш из-за нарушения режима хранения были бракованными,SG-PL-PL,SG,PL,PL,gpt2,9.005643844604492
russian,63,1,Материалы для крыши из-за нарушения режима хранения был бракованным,PL-SG-SG,PL,SG,SG,gpt2,10.03874397277832
russian,63,1,Материалы для крыши из-за нарушения режима хранения были бракованными,PL-SG-PL,PL,SG,PL,gpt2,6.98969030380249
russian,63,1,Материалы для крыш из-за нарушения режима хранения был бракованным,PL-PL-SG,PL,PL,SG,gpt2,10.389803886413574
russian,63,1,Материалы для крыш из-за нарушения режима хранения были бракованными,PL-PL-PL,PL,PL,PL,gpt2,6.986507415771484
russian,64,1,Мотор для лодки с учётом пожеланий рыбаков был заказан,SG-SG-SG,SG,SG,SG,gpt2,5.861876964569092
russian,64,1,Мотор для лодки с учётом пожеланий рыбаков были заказаны,SG-SG-PL,SG,SG,PL,gpt2,8.977319717407227
russian,64,1,Мотор для лодок с учётом пожеланий рыбаков был заказан,SG-PL-SG,SG,PL,SG,gpt2,6.0248799324035645
russian,64,1,Мотор для лодок с учётом пожеланий рыбаков были заказаны,SG-PL-PL,SG,PL,PL,gpt2,9.233623504638672
russian,64,1,Моторы для лодки с учётом пожеланий рыбаков был заказан,PL-SG-SG,PL,SG,SG,gpt2,9.716416358947754
russian,64,1,Моторы для лодки с учётом пожеланий рыбаков были заказаны,PL-SG-PL,PL,SG,PL,gpt2,5.797598838806152
russian,64,1,Моторы для лодок с учётом пожеланий рыбаков был заказан,PL-PL-SG,PL,PL,SG,gpt2,9.848539352416992
russian,64,1,Моторы для лодок с учётом пожеланий рыбаков были заказаны,PL-PL-PL,PL,PL,PL,gpt2,6.0317535400390625
russian,65,1,Мяч для игры для детских дошкольных учреждений был разработан,SG-SG-SG,SG,SG,SG,gpt2,7.245091438293457
russian,65,1,Мяч для игры для детских дошкольных учреждений были разработаны,SG-SG-PL,SG,SG,PL,gpt2,10.480846405029297
russian,65,1,Мяч для игр для детских дошкольных учреждений был разработан,SG-PL-SG,SG,PL,SG,gpt2,7.7364115715026855
russian,65,1,Мяч для игр для детских дошкольных учреждений были разработаны,SG-PL-PL,SG,PL,PL,gpt2,10.713491439819336
russian,65,1,Мячи для игры для детских дошкольных учреждений был разработан,PL-SG-SG,PL,SG,SG,gpt2,9.727980613708496
russian,65,1,Мячи для игры для детских дошкольных учреждений были разработаны,PL-SG-PL,PL,SG,PL,gpt2,7.260398864746094
russian,65,1,Мячи для игр для детских дошкольных учреждений был разработан,PL-PL-SG,PL,PL,SG,gpt2,10.36166000366211
russian,65,1,Мячи для игр для детских дошкольных учреждений были разработаны,PL-PL-PL,PL,PL,PL,gpt2,7.6362833976745605
russian,66,1,Перелом из-за падения из-за преклонного возраста альпиниста был тяжёлым,SG-SG-SG,SG,SG,SG,gpt2,5.222660064697266
russian,66,1,Перелом из-за падения из-за преклонного возраста альпиниста были тяжёлыми,SG-SG-PL,SG,SG,PL,gpt2,7.922895431518555
russian,66,1,Перелом из-за падений из-за преклонного возраста альпиниста был тяжёлым,SG-PL-SG,SG,PL,SG,gpt2,5.2738037109375
russian,66,1,Перелом из-за падений из-за преклонного возраста альпиниста были тяжёлыми,SG-PL-PL,SG,PL,PL,gpt2,8.111209869384766
russian,66,1,Переломы из-за падения из-за преклонного возраста альпиниста был тяжёлым,PL-SG-SG,PL,SG,SG,gpt2,8.154643058776855
russian,66,1,Переломы из-за падения из-за преклонного возраста альпиниста были тяжёлыми,PL-SG-PL,PL,SG,PL,gpt2,4.9754862785339355
russian,66,1,Переломы из-за падений из-за преклонного возраста альпиниста был тяжёлым,PL-PL-SG,PL,PL,SG,gpt2,8.717306137084961
russian,66,1,Переломы из-за падений из-за преклонного возраста альпиниста были тяжёлыми,PL-PL-PL,PL,PL,PL,gpt2,5.225683212280273
russian,67,1,Пристань для яхты из-за высоких штормовых волн была мокрой,SG-SG-SG,SG,SG,SG,gpt2,6.867896556854248
russian,67,1,Пристань для яхты из-за высоких штормовых волн были мокрыми,SG-SG-PL,SG,SG,PL,gpt2,9.647650718688965
russian,67,1,Пристань для яхт из-за высоких штормовых волн была мокрой,SG-PL-SG,SG,PL,SG,gpt2,6.792771816253662
russian,67,1,Пристань для яхт из-за высоких штормовых волн были мокрыми,SG-PL-PL,SG,PL,PL,gpt2,9.475584030151367
russian,67,1,Пристани для яхты из-за высоких штормовых волн была мокрой,PL-SG-SG,PL,SG,SG,gpt2,6.095523357391357
russian,67,1,Пристани для яхты из-за высоких штормовых волн были мокрыми,PL-SG-PL,PL,SG,PL,gpt2,5.465053081512451
russian,67,1,Пристани для яхт из-за высоких штормовых волн была мокрой,PL-PL-SG,PL,PL,SG,gpt2,6.276769638061523
russian,67,1,Пристани для яхт из-за высоких штормовых волн были мокрыми,PL-PL-PL,PL,PL,PL,gpt2,5.3054633140563965
russian,68,1,Пропуск из-за травмы с главным врачом команды был согласован,SG-SG-SG,SG,SG,SG,gpt2,4.683916091918945
russian,68,1,Пропуск из-за травмы с главным врачом команды были согласованы,SG-SG-PL,SG,SG,PL,gpt2,7.8472795486450195
russian,68,1,Пропуск из-за травм с главным врачом команды был согласован,SG-PL-SG,SG,PL,SG,gpt2,4.797866344451904
russian,68,1,Пропуск из-за травм с главным врачом команды были согласованы,SG-PL-PL,SG,PL,PL,gpt2,7.505372524261475
russian,68,1,Пропуски из-за травмы с главным врачом команды был согласован,PL-SG-SG,PL,SG,SG,gpt2,6.574646472930908
russian,68,1,Пропуски из-за травмы с главным врачом команды были согласованы,PL-SG-PL,PL,SG,PL,gpt2,4.898313999176025
russian,68,1,Пропуски из-за травм с главным врачом команды был согласован,PL-PL-SG,PL,PL,SG,gpt2,6.853986740112305
russian,68,1,Пропуски из-за травм с главным врачом команды были согласованы,PL-PL-PL,PL,PL,PL,gpt2,4.59002685546875
russian,69,1,Рассказ об аварии для усиления эмоционального напряжения был приукрашен,SG-SG-SG,SG,SG,SG,gpt2,6.926023483276367
russian,69,1,Рассказ об аварии для усиления эмоционального напряжения были приукрашены,SG-SG-PL,SG,SG,PL,gpt2,9.283028602600098
russian,69,1,Рассказ об аварий для усиления эмоционального напряжения был приукрашен,SG-PL-SG,SG,PL,SG,gpt2,7.773980140686035
russian,69,1,Рассказ об аварий для усиления эмоционального напряжения были приукрашены,SG-PL-PL,SG,PL,PL,gpt2,9.47889232635498
russian,69,1,Рассказы об аварии для усиления эмоционального напряжения был приукрашен,PL-SG-SG,PL,SG,SG,gpt2,9.490433692932129
russian,69,1,Рассказы об аварии для усиления эмоционального напряжения были приукрашены,PL-SG-PL,PL,SG,PL,gpt2,6.992440223693848
russian,69,1,Рассказы об аварий для усиления эмоционального напряжения был приукрашен,PL-PL-SG,PL,PL,SG,gpt2,9.823713302612305
russian,69,1,Рассказы об аварий для усиления эмоционального напряжения были приукрашены,PL-PL-PL,PL,PL,PL,gpt2,7.386761665344238
russian,70,1,Репортаж для газеты после разрешения публичной огласки был написан,SG-SG-SG,SG,SG,SG,gpt2,4.751047134399414
russian,70,1,Репортаж для газеты после разрешения публичной огласки были написаны,SG-SG-PL,SG,SG,PL,gpt2,7.520843505859375
russian,70,1,Репортаж для газет после разрешения публичной огласки был написан,SG-PL-SG,SG,PL,SG,gpt2,4.637510299682617
russian,70,1,Репортаж для газет после разрешения публичной огласки были написаны,SG-PL-PL,SG,PL,PL,gpt2,7.410331726074219
russian,70,1,Репортажи для газеты после разрешения публичной огласки был написан,PL-SG-SG,PL,SG,SG,gpt2,7.563470840454102
russian,70,1,Репортажи для газеты после разрешения публичной огласки были написаны,PL-SG-PL,PL,SG,PL,gpt2,4.481625556945801
russian,70,1,Репортажи для газет после разрешения публичной огласки был написан,PL-PL-SG,PL,PL,SG,gpt2,7.569658279418945
russian,70,1,Репортажи для газет после разрешения публичной огласки были написаны,PL-PL-PL,PL,PL,PL,gpt2,4.392148971557617
russian,71,1,Скандал из-за статьи в глазах непосредственных участников был масштабным,SG-SG-SG,SG,SG,SG,gpt2,6.379000663757324
russian,71,1,Скандал из-за статьи в глазах непосредственных участников были масштабными,SG-SG-PL,SG,SG,PL,gpt2,9.169300079345703
russian,71,1,Скандал из-за статей в глазах непосредственных участников был масштабным,SG-PL-SG,SG,PL,SG,gpt2,6.5524983406066895
russian,71,1,Скандал из-за статей в глазах непосредственных участников были масштабными,SG-PL-PL,SG,PL,PL,gpt2,9.27253532409668
russian,71,1,Скандалы из-за статьи в глазах непосредственных участников был масштабным,PL-SG-SG,PL,SG,SG,gpt2,7.514637470245361
russian,71,1,Скандалы из-за статьи в глазах непосредственных участников были масштабными,PL-SG-PL,PL,SG,PL,gpt2,6.520752906799316
russian,71,1,Скандалы из-за статей в глазах непосредственных участников был масштабным,PL-PL-SG,PL,PL,SG,gpt2,7.781991004943848
russian,71,1,Скандалы из-за статей в глазах непосредственных участников были масштабными,PL-PL-PL,PL,PL,PL,gpt2,6.586256980895996
russian,72,1,Скидка от авиакомпании из-за недавнего крушения самолёта была беспрецедентной,SG-SG-SG,SG,SG,SG,gpt2,5.669241905212402
russian,72,1,Скидка от авиакомпании из-за недавнего крушения самолёта были беспрецедентными,SG-SG-PL,SG,SG,PL,gpt2,9.92399787902832
russian,72,1,Скидка от авиакомпаний из-за недавнего крушения самолёта была беспрецедентной,SG-PL-SG,SG,PL,SG,gpt2,6.274435997009277
russian,72,1,Скидка от авиакомпаний из-за недавнего крушения самолёта были беспрецедентными,SG-PL-PL,SG,PL,PL,gpt2,9.940753936767578
russian,72,1,Скидки от авиакомпании из-за недавнего крушения самолёта была беспрецедентной,PL-SG-SG,PL,SG,SG,gpt2,9.805968284606934
russian,72,1,Скидки от авиакомпании из-за недавнего крушения самолёта были беспрецедентными,PL-SG-PL,PL,SG,PL,gpt2,5.423890113830566
russian,72,1,Скидки от авиакомпаний из-за недавнего крушения самолёта была беспрецедентной,PL-PL-SG,PL,PL,SG,gpt2,10.033533096313477
russian,72,1,Скидки от авиакомпаний из-за недавнего крушения самолёта были беспрецедентными,PL-PL-PL,PL,PL,PL,gpt2,5.837846755981445
russian,73,1,Стекло для беседки из-за неосторожности пьяных грузчиков было разбито,SG-SG-SG,SG,SG,SG,gpt2,4.662320137023926
russian,73,1,Стекло для беседки из-за неосторожности пьяных грузчиков были разбиты,SG-SG-PL,SG,SG,PL,gpt2,7.3641815185546875
russian,73,1,Стекло для беседок из-за неосторожности пьяных грузчиков было разбито,SG-PL-SG,SG,PL,SG,gpt2,4.6486310958862305
russian,73,1,Стекло для беседок из-за неосторожности пьяных грузчиков были разбиты,SG-PL-PL,SG,PL,PL,gpt2,7.270489692687988
russian,73,1,Стёкла для беседки из-за неосторожности пьяных грузчиков было разбито,PL-SG-SG,PL,SG,SG,gpt2,8.654211044311523
russian,73,1,Стёкла для беседки из-за неосторожности пьяных грузчиков были разбиты,PL-SG-PL,PL,SG,PL,gpt2,3.7791121006011963
russian,73,1,Стёкла для беседок из-за неосторожности пьяных грузчиков было разбито,PL-PL-SG,PL,PL,SG,gpt2,8.738739013671875
russian,73,1,Стёкла для беседок из-за неосторожности пьяных грузчиков были разбиты,PL-PL-PL,PL,PL,PL,gpt2,3.8470189571380615
russian,74,1,Стол для трапезы на залитую солнцем террасу был вынесен,SG-SG-SG,SG,SG,SG,gpt2,5.627359390258789
russian,74,1,Стол для трапезы на залитую солнцем террасу были вынесены,SG-SG-PL,SG,SG,PL,gpt2,7.226006507873535
russian,74,1,Стол для трапез на залитую солнцем террасу был вынесен,SG-PL-SG,SG,PL,SG,gpt2,5.300122261047363
russian,74,1,Стол для трапез на залитую солнцем террасу были вынесены,SG-PL-PL,SG,PL,PL,gpt2,7.036143779754639
russian,74,1,Столы для трапезы на залитую солнцем террасу был вынесен,PL-SG-SG,PL,SG,SG,gpt2,6.4565629959106445
russian,74,1,Столы для трапезы на залитую солнцем террасу были вынесены,PL-SG-PL,PL,SG,PL,gpt2,5.863000869750977
russian,74,1,Столы для трапез на залитую солнцем террасу был вынесен,PL-PL-SG,PL,PL,SG,gpt2,6.696280479431152
russian,74,1,Столы для трапез на залитую солнцем террасу были вынесены,PL-PL-PL,PL,PL,PL,gpt2,5.156848907470703
russian,75,1,Сувенир для акции в фирменном магазине команды был выбран,SG-SG-SG,SG,SG,SG,gpt2,10.449265480041504
russian,75,1,Сувенир для акции в фирменном магазине команды были выбраны,SG-SG-PL,SG,SG,PL,gpt2,10.705018997192383
russian,75,1,Сувенир для акций в фирменном магазине команды был выбран,SG-PL-SG,SG,PL,SG,gpt2,10.175227165222168
russian,75,1,Сувенир для акций в фирменном магазине команды были выбраны,SG-PL-PL,SG,PL,PL,gpt2,10.355429649353027
russian,75,1,Сувениры для акции в фирменном магазине команды был выбран,PL-SG-SG,PL,SG,SG,gpt2,10.705941200256348
russian,75,1,Сувениры для акции в фирменном магазине команды были выбраны,PL-SG-PL,PL,SG,PL,gpt2,10.030698776245117
russian,75,1,Сувениры для акций в фирменном магазине команды был выбран,PL-PL-SG,PL,PL,SG,gpt2,10.599356651306152
russian,75,1,Сувениры для акций в фирменном магазине команды были выбраны,PL-PL-PL,PL,PL,PL,gpt2,9.637760162353516
russian,76,1,Тень от лампы на высоких сводах храма была видна,SG-SG-SG,SG,SG,SG,gpt2,4.100583076477051
russian,76,1,Тень от лампы на высоких сводах храма были видны,SG-SG-PL,SG,SG,PL,gpt2,8.549285888671875
russian,76,1,Тень от ламп на высоких сводах храма была видна,SG-PL-SG,SG,PL,SG,gpt2,4.127078056335449
russian,76,1,Тень от ламп на высоких сводах храма были видны,SG-PL-PL,SG,PL,PL,gpt2,8.022777557373047
russian,76,1,Тени от лампы на высоких сводах храма была видна,PL-SG-SG,PL,SG,SG,gpt2,8.027444839477539
russian,76,1,Тени от лампы на высоких сводах храма были видны,PL-SG-PL,PL,SG,PL,gpt2,4.543812274932861
russian,76,1,Тени от ламп на высоких сводах храма была видна,PL-PL-SG,PL,PL,SG,gpt2,8.273711204528809
russian,76,1,Тени от ламп на высоких сводах храма были видны,PL-PL-PL,PL,PL,PL,gpt2,4.734911918640137
russian,77,1,Товар с витрины по сильно сниженной цене был продан,SG-SG-SG,SG,SG,SG,gpt2,7.628549575805664
russian,77,1,Товар с витрины по сильно сниженной цене были проданы,SG-SG-PL,SG,SG,PL,gpt2,10.964300155639648
russian,77,1,Товар с витрин по сильно сниженной цене был продан,SG-PL-SG,SG,PL,SG,gpt2,7.830414772033691
russian,77,1,Товар с витрин по сильно сниженной цене были проданы,SG-PL-PL,SG,PL,PL,gpt2,11.302862167358398
russian,77,1,Товары с витрины по сильно сниженной цене был продан,PL-SG-SG,PL,SG,SG,gpt2,12.866514205932617
russian,77,1,Товары с витрины по сильно сниженной цене были проданы,PL-SG-PL,PL,SG,PL,gpt2,9.680008888244629
russian,77,1,Товары с витрин по сильно сниженной цене был продан,PL-PL-SG,PL,PL,SG,gpt2,12.994876861572266
russian,77,1,Товары с витрин по сильно сниженной цене были проданы,PL-PL-PL,PL,PL,PL,gpt2,9.828317642211914
russian,78,1,Условие для задачи из-за избытка ненужных фактов было запутанным,SG-SG-SG,SG,SG,SG,gpt2,7.038288116455078
russian,78,1,Условие для задачи из-за избытка ненужных фактов были запутанными,SG-SG-PL,SG,SG,PL,gpt2,10.062577247619629
russian,78,1,Условие для задач из-за избытка ненужных фактов было запутанным,SG-PL-SG,SG,PL,SG,gpt2,7.694180965423584
russian,78,1,Условие для задач из-за избытка ненужных фактов были запутанными,SG-PL-PL,SG,PL,PL,gpt2,10.288777351379395
russian,78,1,Условия для задачи из-за избытка ненужных фактов было запутанным,PL-SG-SG,PL,SG,SG,gpt2,9.35622787475586
russian,78,1,Условия для задачи из-за избытка ненужных фактов были запутанными,PL-SG-PL,PL,SG,PL,gpt2,6.842251777648926
russian,78,1,Условия для задач из-за избытка ненужных фактов было запутанным,PL-PL-SG,PL,PL,SG,gpt2,10.173583030700684
russian,78,1,Условия для задач из-за избытка ненужных фактов были запутанными,PL-PL-PL,PL,PL,PL,gpt2,7.327859401702881
russian,79,1,Шаблон для таблицы для начинающих пользователей компьютера был удобным,SG-SG-SG,SG,SG,SG,gpt2,8.745498657226562
russian,79,1,Шаблон для таблицы для начинающих пользователей компьютера были удобными,SG-SG-PL,SG,SG,PL,gpt2,11.346569061279297
russian,79,1,Шаблон для таблиц для начинающих пользователей компьютера был удобным,SG-PL-SG,SG,PL,SG,gpt2,9.0371675491333
russian,79,1,Шаблон для таблиц для начинающих пользователей компьютера были удобными,SG-PL-PL,SG,PL,PL,gpt2,11.461441993713379
russian,79,1,Шаблоны для таблицы для начинающих пользователей компьютера был удобным,PL-SG-SG,PL,SG,SG,gpt2,10.93625259399414
russian,79,1,Шаблоны для таблицы для начинающих пользователей компьютера были удобными,PL-SG-PL,PL,SG,PL,gpt2,8.3676176071167
russian,79,1,Шаблоны для таблиц для начинающих пользователей компьютера был удобным,PL-PL-SG,PL,PL,SG,gpt2,11.106224060058594
russian,79,1,Шаблоны для таблиц для начинающих пользователей компьютера были удобными,PL-PL-PL,PL,PL,PL,gpt2,8.598641395568848
russian,80,1,Шрам после операции с помощью медицинского лазера был удалён,SG-SG-SG,SG,SG,SG,gpt2,4.741121292114258
russian,80,1,Шрам после операции с помощью медицинского лазера были удалены,SG-SG-PL,SG,SG,PL,gpt2,10.12939453125
russian,80,1,Шрам после операций с помощью медицинского лазера был удалён,SG-PL-SG,SG,PL,SG,gpt2,5.43998908996582
russian,80,1,Шрам после операций с помощью медицинского лазера были удалены,SG-PL-PL,SG,PL,PL,gpt2,10.648802757263184
russian,80,1,Шрамы после операции с помощью медицинского лазера был удалён,PL-SG-SG,PL,SG,SG,gpt2,9.6226167678833
russian,80,1,Шрамы после операции с помощью медицинского лазера были удалены,PL-SG-PL,PL,SG,PL,gpt2,4.580158233642578
russian,80,1,Шрамы после операций с помощью медицинского лазера был удалён,PL-PL-SG,PL,PL,SG,gpt2,10.364733695983887
russian,80,1,Шрамы после операций с помощью медицинского лазера были удалены,PL-PL-PL,PL,PL,PL,gpt2,5.087468147277832
